date,nav,daily_return
2015-07-01,1,
2015-07-02,1.00009365,9.365e-05
2015-07-03,1.0001956696,0.00010201
2015-07-06,1.0004608572,0.0002651357
2015-07-07,1.0005541502,9.325e-05
2015-07-08,1.0006472018,9.3e-05
2015-07-09,1.0007370199,8.976e-05
2015-07-10,1.0009174027,0.00018025
2015-07-13,1.0012207325,0.0003030518
2015-07-14,1.0014022438,0.00018129
2015-07-15,1.0014960052,9.363e-05
2015-07-16,1.0015856491,8.951e-05
2015-07-17,1.0017205626,0.0001347
2015-07-20,1.0019842712,0.0002632556
2015-07-21,1.0020748806,9.043e-05
2015-07-22,1.0021643057,8.924e-05
2015-07-23,1.0022615558,9.704e-05
2015-07-24,1.0023526613,9.09e-05
2015-07-27,1.002622681,0.0002693859
2015-07-28,1.0027051267,8.223e-05
2015-07-29,1.0027896748,8.432e-05
2015-07-30,1.0028764462,8.653e-05
2015-07-31,1.0029646592,8.796e-05
2015-08-03,1.0032197964,0.0002543831
2015-08-04,1.0034364017,0.0002159101
2015-08-05,1.0034606418,2.4157e-05
2015-08-06,1.0034968862,3.61194e-05
2015-08-07,1.0036701937,0.0001727036
2015-08-10,1.0042926832,0.0006202132
2015-08-11,1.0042993953,6.6834e-06
2015-08-12,1.0043057248,6.3024e-06
2015-08-13,1.0044601819,0.0001537949
2015-08-14,1.004749979,0.0002885103
2015-08-17,1.0049228226,0.0001720265
2015-08-18,1.0046337699,-0.0002876367
2015-08-19,1.0047689705,0.000134577
2015-08-20,1.0046594228,-0.0001090277
2015-08-21,1.0045183236,-0.0001404449
2015-08-24,1.0042365184,-0.0002805376
2015-08-25,1.0039455942,-0.0002896969
2015-08-26,1.0042159318,0.0002692752
2015-08-27,1.0046892545,0.0004713355
2015-08-28,1.0049350517,0.00024465
2015-08-31,1.0053129632,0.0003760556
2015-09-01,1.0054361582,0.000122544
2015-09-02,1.0054690496,3.27136e-05
2015-09-07,1.0056035343,0.0001337531
2015-09-08,1.0060390847,0.0004331234
2015-09-09,1.0065365481,0.0004944772
2015-09-10,1.0064556194,-8.04032e-05
2015-09-11,1.0064626026,6.9384e-06
2015-09-14,1.0069455213,0.0004798179
2015-09-15,1.0066946142,-0.0002491765
2015-09-16,1.0073067355,0.0006080506
2015-09-17,1.0070787796,-0.0002263023
2015-09-18,1.0072345605,0.0001546858
2015-09-21,1.0074895955,0.0002532032
2015-09-22,1.0077054468,0.0002142467
2015-09-23,1.0073804331,-0.0003225284
2015-09-24,1.0074353159,5.44807e-05
2015-09-25,1.0075250985,8.912e-05
2015-09-28,1.0077214367,0.0001948717
2015-09-29,1.0073761739,-0.0003426172
2015-09-30,1.0076458249,0.0002676766
2015-10-08,1.0089840485,0.0013280694
2015-10-09,1.0092437522,0.0002573912
2015-10-12,1.0099924992,0.0007418892
2015-10-13,1.0099721353,-2.01625e-05
2015-10-14,1.0099301416,-4.15791e-05
2015-10-15,1.0103823196,0.000447732
2015-10-16,1.0106938256,0.0003083051
2015-10-19,1.0109317095,0.0002353669
2015-10-20,1.0110722833,0.0001390537
2015-10-21,1.0112066349,0.0001328803
2015-10-22,1.0112251227,1.82829e-05
2015-10-23,1.0114666651,0.0002388612
2015-10-26,1.0117262299,0.0002566222
2015-10-27,1.0117723064,4.55425e-05
2015-10-28,1.0116215641,-0.0001489884
2015-10-29,1.0116453007,2.34639e-05
2015-10-30,1.0117020998,5.61453e-05
2015-11-02,1.0116438852,-5.75412e-05
2015-11-03,1.0118436887,0.0001975038
2015-11-04,1.0127134646,0.0008595951
2015-11-05,1.0131306262,0.0004119247
2015-11-06,1.0134526173,0.000317818
2015-11-09,1.0139115282,0.0004528192
2015-11-10,1.0137941308,-0.0001157866
2015-11-11,1.0137716102,-2.22142e-05
2015-11-12,1.0139990647,0.0002243646
2015-11-13,1.013654333,-0.0003399725
2015-11-16,1.0136766346,2.20012e-05
2015-11-17,1.0139308362,0.0002507719
2015-11-18,1.0138997335,-3.06754e-05
2015-11-19,1.0143134499,0.0004080446
2015-11-20,1.0145407112,0.0002240543
2015-11-23,1.0146790329,0.0001363393
2015-11-24,1.0146814573,2.3893e-06
2015-11-25,1.0147571468,7.45944e-05
2015-11-26,1.0147793635,2.18937e-05
2015-11-27,1.0140235833,-0.0007447729
2015-11-30,1.0142091847,0.0001830346
2015-12-01,1.0145566294,0.000342577
2015-12-02,1.0151230231,0.0005582672
2015-12-03,1.0151666871,4.30136e-05
2015-12-04,1.0148759761,-0.0002863678
2015-12-07,1.0151173645,0.0002378501
2015-12-08,1.0148647019,-0.0002488998
2015-12-09,1.0149223635,5.6817e-05
2015-12-10,1.0148743184,-4.73387e-05
2015-12-11,1.01471159,-0.0001603433
2015-12-14,1.015214895,0.0004960079
2015-12-15,1.0153590748,0.000142019
2015-12-16,1.015772677,0.0004073457
2015-12-17,1.0161001014,0.0003223403
2015-12-18,1.0161274572,2.69224e-05
2015-12-21,1.0167640641,0.000626503
2015-12-22,1.0169484457,0.0001813416
2015-12-23,1.0174792684,0.0005219761
2015-12-24,1.0175476985,6.72545e-05
2015-12-25,1.0177125821,0.0001620401
2015-12-28,1.0172674342,-0.0004374004
2015-12-29,1.0176142945,0.0003409726
2015-12-30,1.0174808913,-0.0001310941
2015-12-31,1.0175485124,6.64593e-05
2016-01-04,1.0162665477,-0.0012598561
2016-01-05,1.0163337676,6.6144e-05
2016-01-06,1.0160817214,-0.0002479955
2016-01-07,1.0145714875,-0.0014863311
2016-01-08,1.0149114755,0.000335105
2016-01-11,1.0136966202,-0.0011970062
2016-01-12,1.013503209,-0.0001907979
2016-01-13,1.0137490245,0.0002425404
2016-01-14,1.0139437076,0.0001920426
2016-01-15,1.0127867877,-0.0011410099
2016-01-18,1.0123444806,-0.0004367228
2016-01-19,1.0134891629,0.0011307241
2016-01-20,1.0116761082,-0.0017889236
2016-01-21,1.0109353201,-0.0007322385
2016-01-22,1.0123753735,0.0014244763
2016-01-25,1.0129623822,0.0005798331
2016-01-26,1.0113730298,-0.0015690143
2016-01-27,1.0118348454,0.0004566224
2016-01-28,1.0120159023,0.0001789392
2016-01-29,1.0136571677,0.0016217783
2016-02-01,1.0132894814,-0.0003627324
2016-02-02,1.0132961979,6.6284e-06
2016-02-03,1.0123649677,-0.0009190108
2016-02-04,1.0131702475,0.0007954441
2016-02-05,1.0132280155,5.70171e-05
2016-02-15,1.0128347284,-0.0003881526
2016-02-16,1.01412454,0.0012734669
2016-02-17,1.0141112561,-1.30989e-05
2016-02-18,1.0150711805,0.0009465672
2016-02-19,1.0149374602,-0.0001317349
2016-02-22,1.0163045388,0.0013469584
2016-02-23,1.0158783703,-0.0004193315
2016-02-24,1.0155711149,-0.0003024529
2016-02-25,1.0137189231,-0.0018237933
2016-02-26,1.0153443295,0.0016034094
2016-02-29,1.0148480989,-0.0004887314
2016-03-01,1.016152771,0.0012855836
2016-03-02,1.0197285359,0.0035189245
2016-03-03,1.0200652161,0.0003301665
2016-03-04,1.0214745212,0.0013815833
2016-03-07,1.0216824575,0.0002035649
2016-03-08,1.0212730273,-0.0004007411
2016-03-09,1.0211283321,-0.0001416812
2016-03-10,1.0202201927,-0.000889349
2016-03-11,1.0210074286,0.0007716334
2016-03-14,1.0224080405,0.001371794
2016-03-15,1.0224088076,7.503e-07
2016-03-16,1.0230160376,0.0005939209
2016-03-17,1.0240765991,0.0010367008
2016-03-18,1.0248533998,0.0007585377
2016-03-21,1.0264194291,0.0015280521
2016-03-22,1.0262204416,-0.0001938657
2016-03-23,1.0261326632,-8.55357e-05
2016-03-24,1.0247999556,-0.0012987674
2016-03-25,1.0251979319,0.0003883454
2016-03-28,1.0249106684,-0.000280203
2016-03-29,1.0244420658,-0.0004572131
2016-03-30,1.0267597915,0.0022624273
2016-03-31,1.0265866894,-0.0001685907
2016-04-01,1.0258176036,-0.0007491678
2016-04-05,1.0256131621,-0.0001992962
2016-04-06,1.0258191796,0.0002008725
2016-04-07,1.0252922906,-0.0005136275
2016-04-08,1.0254395988,0.0001436743
2016-04-11,1.0265088972,0.0010427707
2016-04-12,1.0267349257,0.0002201915
2016-04-13,1.029615746,0.0028058072
2016-04-14,1.0308078148,0.0011577803
2016-04-15,1.0307853511,-2.17923e-05
2016-04-18,1.0297829601,-0.0009724537
2016-04-19,1.0309101042,0.0010945453
2016-04-20,1.0294312316,-0.0014345311
2016-04-21,1.030724876,0.0012566594
2016-04-22,1.0307736591,4.73289e-05
2016-04-25,1.0304185901,-0.0003444685
2016-04-26,1.0308907425,0.0004582141
2016-04-27,1.0306462943,-0.0002371232
2016-04-28,1.0308018663,0.0001509461
2016-04-29,1.0292805854,-0.0014758228
2016-05-03,1.0289374863,-0.0003333387
2016-05-04,1.0287262212,-0.0002053236
2016-05-05,1.028837879,0.0001085399
2016-05-06,1.0265838778,-0.0021908226
2016-05-09,1.0256129247,-0.0009458098
2016-05-10,1.0261999858,0.0005724002
2016-05-11,1.0258481078,-0.0003428941
2016-05-12,1.0253733843,-0.000462762
2016-05-13,1.0247852892,-0.0005735424
2016-05-16,1.0261144177,0.0012969825
2016-05-17,1.0266434636,0.0005155817
2016-05-18,1.0254169339,-0.0011946988
2016-05-19,1.0254120334,-4.779e-06
2016-05-20,1.0264607959,0.0010227718
2016-05-23,1.0266259012,0.0001608491
2016-05-24,1.0263384984,-0.0002799489
2016-05-25,1.0284814788,0.0020879859
2016-05-26,1.0285807776,9.6549e-05
2016-05-27,1.0291763071,0.0005789817
2016-05-30,1.0300989556,0.0008964921
2016-05-31,1.03286239,0.0026826883
2016-06-01,1.0324995199,-0.0003513247
2016-06-02,1.0328622451,0.0003513078
2016-06-03,1.0337974405,0.0009054406
2016-06-06,1.0338322648,3.36859e-05
2016-06-07,1.0353653946,0.0014829579
2016-06-08,1.0351601831,-0.0001982019
2016-06-13,1.0323768487,-0.0026887959
2016-06-14,1.0320818434,-0.0002857535
2016-06-15,1.0334585882,0.0013339493
2016-06-16,1.0316230299,-0.0017761315
2016-06-17,1.0325747586,0.0009225548
2016-06-20,1.0337301173,0.0011189105
2016-06-21,1.0341518909,0.0004080113
2016-06-22,1.0358281397,0.0016208922
2016-06-23,1.0358283687,2.211e-07
2016-06-24,1.0327268179,-0.0029942709
2016-06-27,1.0340896846,0.0013196779
2016-06-28,1.0348395867,0.0007251809
2016-06-29,1.0364366429,0.0015432886
2016-06-30,1.0378681221,0.0013811546
2016-07-01,1.0380877103,0.0002115762
2016-07-04,1.0405435337,0.0023657186
2016-07-05,1.0398951142,-0.0006231547
2016-07-06,1.0394457476,-0.0004321268
2016-07-07,1.0402751406,0.0007979185
2016-07-08,1.0396160054,-0.0006336162
2016-07-11,1.0411035373,0.0014308474
2016-07-12,1.0440884097,0.0028670275
2016-07-13,1.0447872745,0.000669354
2016-07-14,1.0455467333,0.0007269028
2016-07-15,1.0459432687,0.0003792613
2016-07-18,1.0464470103,0.0004816146
2016-07-19,1.0457981587,-0.000620052
2016-07-20,1.0462992399,0.0004791375
2016-07-21,1.0469417756,0.0006141032
2016-07-22,1.0460345961,-0.0008665043
2016-07-25,1.0465774671,0.00051898
2016-07-26,1.0477803742,0.0011493722
2016-07-27,1.0468415447,-0.0008960174
2016-07-28,1.0464690804,-0.0003557982
2016-07-29,1.0451348304,-0.0012750018
2016-08-01,1.0451360956,1.2105e-06
2016-08-02,1.0455489032,0.0003949798
2016-08-03,1.0442416624,-0.0012502914
2016-08-04,1.0450916804,0.000814005
2016-08-05,1.0463755159,0.0012284429
2016-08-08,1.0487211391,0.0022416649
2016-08-09,1.049205969,0.0004623058
2016-08-10,1.0487579111,-0.0004270447
2016-08-11,1.0491438705,0.0003680157
2016-08-12,1.0520090689,0.0027309871
2016-08-15,1.055129084,0.0029657682
2016-08-16,1.0544678747,-0.000626662
2016-08-17,1.0538788485,-0.0005586004
2016-08-18,1.0551036532,0.0011621874
2016-08-19,1.0549635737,-0.0001327637
2016-08-22,1.0551340471,0.0001615917
2016-08-23,1.0554117311,0.0002631742
2016-08-24,1.0542560951,-0.0010949623
2016-08-25,1.054133557,-0.0001162318
2016-08-26,1.0544291369,0.0002804008
2016-08-29,1.0547374419,0.0002923905
2016-08-30,1.0554937322,0.0007170413
2016-08-31,1.055455103,-3.65983e-05
2016-09-01,1.055294641,-0.0001520311
2016-09-02,1.056011777,0.00067956
2016-09-05,1.0578690562,0.0017587675
2016-09-06,1.0587867019,0.0008674473
2016-09-07,1.0588208867,3.22868e-05
2016-09-08,1.0599959303,0.0011097661
2016-09-09,1.0598896632,-0.0001002524
2016-09-12,1.0566299915,-0.0030754821
2016-09-13,1.0557052402,-0.0008751893
2016-09-14,1.0551346633,-0.0005404699
2016-09-19,1.0569312539,0.0017027122
2016-09-20,1.0564154217,-0.0004880471
2016-09-21,1.0575996428,0.0011209806
2016-09-22,1.0585298138,0.0008795114
2016-09-23,1.058087737,-0.0004176329
2016-09-26,1.0559100576,-0.0020581274
2016-09-27,1.0567695947,0.0008140249
2016-09-28,1.0572083364,0.0004151725
2016-09-29,1.0582872805,0.0010205596
2016-09-30,1.0573278547,-0.0009065835
2016-10-10,1.0594146099,0.0019736122
2016-10-11,1.0611074889,0.0015979381
2016-10-12,1.0606083711,-0.0004703744
2016-10-13,1.0593740207,-0.0011638135
2016-10-14,1.0602133408,0.0007922793
2016-10-17,1.0592406527,-0.0009174456
2016-10-18,1.0616425543,0.0022675693
2016-10-19,1.0614127525,-0.0002164588
2016-10-20,1.0619222489,0.0004800172
2016-10-21,1.0626429084,0.0006786368
2016-10-24,1.0646980009,0.0019339446
2016-10-25,1.0646640487,-3.18891e-05
2016-10-26,1.0635111597,-0.0010828664
2016-10-27,1.0627954371,-0.0006729808
2016-10-28,1.0622386328,-0.0005239054
2016-10-31,1.0619283681,-0.0002920857
2016-11-01,1.0632803277,0.0012731174
2016-11-02,1.0610584845,-0.0020896118
2016-11-03,1.0615425912,0.0004562488
2016-11-04,1.0612004492,-0.0003223065
2016-11-07,1.0626189293,0.001336675
2016-11-08,1.0634454781,0.0007778413
2016-11-09,1.0613602132,-0.0019608574
2016-11-10,1.0633909381,0.001913323
2016-11-11,1.0632630538,-0.0001202609
2016-11-14,1.063159755,-9.71526e-05
2016-11-15,1.0636253954,0.0004379778
2016-11-16,1.0636497503,2.2898e-05
2016-11-17,1.063860215,0.0001978703
2016-11-18,1.0638327106,-2.58535e-05
2016-11-21,1.0652623427,0.0013438505
2016-11-22,1.066916638,0.0015529463
2016-11-23,1.0671534052,0.0002219173
2016-11-24,1.0673266344,0.0001623283
2016-11-25,1.0686494665,0.0012393883
2016-11-28,1.0692088099,0.0005234115
2016-11-29,1.0695612437,0.0003296211
2016-11-30,1.0695179959,-4.04351e-05
2016-12-01,1.0703824633,0.0008082776
2016-12-02,1.0684308461,-0.0018232895
2016-12-05,1.067344666,-0.0010166124
2016-12-06,1.0675506396,0.0001929775
2016-12-07,1.0690396039,0.0013947482
2016-12-08,1.0691737964,0.0001255262
2016-12-09,1.0698685194,0.0006497755
2016-12-12,1.0673071671,-0.0023940814
2016-12-13,1.067232315,-7.01317e-05
2016-12-14,1.0667150389,-0.0004846893
2016-12-15,1.0644578241,-0.002116043
2016-12-16,1.0648341017,0.0003534922
2016-12-19,1.0637944522,-0.0009763488
2016-12-20,1.0631943427,-0.0005641217
2016-12-21,1.0643664991,0.0011024856
2016-12-22,1.0637765027,-0.000554317
2016-12-23,1.0628757143,-0.0008467836
2016-12-26,1.0636314594,0.0007110381
2016-12-27,1.0636056114,-2.43017e-05
2016-12-28,1.0639951244,0.0003662194
2016-12-29,1.064067788,6.82931e-05
2016-12-30,1.0652683484,0.0011282744
2017-01-03,1.0673223346,0.0019281398
2017-01-04,1.068111326,0.000739225
2017-01-05,1.0691132819,0.0009380632
2017-01-06,1.06800734,-0.0010344478
2017-01-09,1.069571234,0.0014643101
2017-01-10,1.0699348703,0.0003399833
2017-01-11,1.0700583922,0.000115448
2017-01-12,1.069025017,-0.0009657185
2017-01-13,1.0692323968,0.0001939896
2017-01-16,1.0684088555,-0.0007702173
2017-01-17,1.0692050104,0.0007451781
2017-01-18,1.0699303452,0.0006783871
2017-01-19,1.069484166,-0.0004170171
2017-01-20,1.0701740807,0.0006450911
2017-01-23,1.0705277632,0.0003304907
2017-01-24,1.0706236554,8.95746e-05
2017-01-25,1.0720048425,0.0012900771
2017-01-26,1.0737684594,0.0016451576
2017-02-03,1.0725815477,-0.0011053702
2017-02-06,1.0740889472,0.0014053938
2017-02-07,1.0737880843,-0.0002801098
2017-02-08,1.0750533533,0.0011783228
2017-02-09,1.0757653856,0.0006623227
2017-02-10,1.0765128461,0.0006948174
2017-02-13,1.0780712793,0.0014476679
2017-02-14,1.0778404746,-0.0002140903
2017-02-15,1.0782202743,0.000352371
2017-02-16,1.0790241123,0.000745523
2017-02-17,1.0779559988,-0.0009898884
2017-02-20,1.0805237847,0.0023820878
2017-02-21,1.0806807368,0.0001452555
2017-02-22,1.0817855676,0.0010223471
2017-02-23,1.0814625945,-0.0002985556
2017-02-24,1.0810876477,-0.0003467034
2017-02-27,1.080593283,-0.0004572845
2017-02-28,1.0801005021,-0.0004560281
2017-03-01,1.080714564,0.0005685229
2017-03-02,1.0798962966,-0.000757154
2017-03-03,1.0793361857,-0.000518671
2017-03-06,1.0803426841,0.0009325161
2017-03-07,1.081233171,0.0008242634
2017-03-08,1.0813312171,9.06799e-05
2017-03-09,1.0797797575,-0.0014347682
2017-03-10,1.080164048,0.0003558971
2017-03-13,1.082202976,0.0018876096
2017-03-14,1.0822900829,8.04903e-05
2017-03-15,1.0825214093,0.000213738
2017-03-16,1.0849148305,0.0022109689
2017-03-17,1.0840851286,-0.0007647622
2017-03-20,1.0854942446,0.0012998205
2017-03-21,1.0864786832,0.0009069035
2017-03-22,1.0849183354,-0.0014361513
2017-03-23,1.0854094775,0.0004526995
2017-03-24,1.0863323773,0.0008502781
2017-03-27,1.0855242311,-0.0007439217
2017-03-28,1.0861041937,0.0005342696
2017-03-29,1.0862382348,0.0001234146
2017-03-30,1.0848860704,-0.0012448138
2017-03-31,1.0851960777,0.000285751
2017-04-05,1.0882700499,0.0028326422
2017-04-06,1.0883487451,7.23122e-05
2017-04-07,1.0886030314,0.0002336442
2017-04-10,1.088406959,-0.0001801138
2017-04-11,1.0880019322,-0.0003721281
2017-04-12,1.0883230907,0.000295182
2017-04-13,1.0881020896,-0.0002030657
2017-04-14,1.0870744293,-0.000944452
2017-04-17,1.0869113788,-0.0001499902
2017-04-18,1.0852794784,-0.0015014108
2017-04-19,1.0841052194,-0.0010819876
2017-04-20,1.0859024246,0.0016577775
2017-04-21,1.086054122,0.000139697
2017-04-24,1.085396374,-0.000605631
2017-04-25,1.0872237368,0.0016835903
2017-04-26,1.0878537518,0.0005794713
2017-04-27,1.088617982,0.000702512
2017-04-28,1.088183934,-0.0003987147
2017-05-02,1.0883939279,0.0001929765
2017-05-03,1.0879674848,-0.0003918096
2017-05-04,1.087363596,-0.0005550614
2017-05-05,1.0860327322,-0.0012239364
2017-05-08,1.0857862087,-0.0002269945
2017-05-09,1.0868499536,0.0009797001
2017-05-10,1.0865354408,-0.0002893801
2017-05-11,1.0872694509,0.0006755509
2017-05-12,1.088420859,0.0010589906
2017-05-15,1.0902120385,0.0016456681
2017-05-16,1.0920866747,0.0017195152
2017-05-17,1.0910716296,-0.0009294547
2017-05-18,1.0901730878,-0.0008235407
2017-05-19,1.0913235857,0.0010553352
2017-05-22,1.0918768221,0.0005069407
2017-05-23,1.0916716114,-0.0001879431
2017-05-24,1.0920856398,0.000379261
2017-05-25,1.0949455034,0.0026187173
2017-05-26,1.0947835477,-0.0001479122
2017-05-31,1.0950143099,0.0002107834
2017-06-01,1.0940780453,-0.000855025
2017-06-02,1.0945053121,0.0003905267
2017-06-05,1.094032003,-0.0004324411
2017-06-06,1.0958733575,0.0016830901
2017-06-07,1.0982367409,0.0021566209
2017-06-08,1.1001602608,0.0017514619
2017-06-09,1.1012066418,0.000951117
2017-06-12,1.0999871447,-0.001107419
2017-06-13,1.1017913825,0.0016402354
2017-06-14,1.0997696266,-0.0018349717
2017-06-15,1.0985804832,-0.0010812658
2017-06-16,1.098898161,0.0002891711
2017-06-19,1.1019796633,0.0028041746
2017-06-20,1.1012236892,-0.0006860146
2017-06-21,1.1022668355,0.000947261
2017-06-22,1.1018298809,-0.0003964146
2017-06-23,1.1032926535,0.0013275848
2017-06-26,1.1067685773,0.0031505003
2017-06-27,1.107406574,0.00057645
2017-06-28,1.1052940317,-0.0019076483
2017-06-29,1.1073834221,0.001890348
2017-06-30,1.1069008511,-0.0004357759
2017-07-03,1.1077799889,0.0007942336
2017-07-04,1.1049449155,-0.0025592387
2017-07-05,1.1071912745,0.0020330054
2017-07-06,1.1068218179,-0.0003336881
2017-07-07,1.1061489108,-0.0006079634
2017-07-10,1.1065003645,0.0003177273
2017-07-11,1.1079315566,0.0012934403
2017-07-12,1.1080722321,0.0001269713
2017-07-13,1.1103852284,0.0020874057
2017-07-14,1.1108096602,0.0003822384
2017-07-17,1.1065905308,-0.0037982469
2017-07-18,1.107163446,0.0005177301
2017-07-19,1.1105782305,0.0030842641
2017-07-20,1.111694702,0.0010053065
2017-07-21,1.1107406841,-0.0008581654
2017-07-24,1.1124911082,0.0015759071
2017-07-25,1.1125190613,2.51265e-05
2017-07-26,1.1119131628,-0.0005446185
2017-07-27,1.1139204667,0.0018052704
2017-07-28,1.1136572818,-0.000236269
2017-07-31,1.1157689701,0.0018961743
2017-08-01,1.1177931846,0.0018141878
2017-08-02,1.1167569176,-0.0009270651
2017-08-03,1.115355124,-0.0012552361
2017-08-04,1.1141964032,-0.0010388806
2017-08-07,1.1162583513,0.0018506145
2017-08-08,1.1176200864,0.0012199103
2017-08-09,1.1178160922,0.0001753779
2017-08-10,1.1152010605,-0.0023394114
2017-08-11,1.1105856574,-0.0041386288
2017-08-14,1.1152612724,0.0042100445
2017-08-15,1.1157488933,0.0004372257
2017-08-16,1.1169199043,0.0010495292
2017-08-17,1.117215063,0.0002642613
2017-08-18,1.1167124827,-0.0004498509
2017-08-21,1.1180694953,0.0012151853
2017-08-22,1.1189348924,0.0007740101
2017-08-23,1.1188533863,-7.28426e-05
2017-08-24,1.1175602755,-0.0011557463
2017-08-25,1.1218029785,0.0037963974
2017-08-28,1.1241041982,0.0020513582
2017-08-29,1.1232518094,-0.0007582827
2017-08-30,1.1242274649,0.0008685991
2017-08-31,1.1241203168,-9.53082e-05
2017-09-01,1.124769746,0.0005777221
2017-09-04,1.1251660548,0.0003523466
2017-09-05,1.1254945464,0.0002919495
2017-09-06,1.1255030281,7.5359e-06
2017-09-07,1.1243401123,-0.0010332409
2017-09-08,1.1245845474,0.0002174032
2017-09-11,1.1260845913,0.0013338649
2017-09-12,1.1270871094,0.0008902689
2017-09-13,1.1282680978,0.0010478235
2017-09-14,1.1277575937,-0.0004524671
2017-09-15,1.1276029033,-0.0001371664
2017-09-18,1.130398198,0.0024789709
2017-09-19,1.1296322441,-0.0006775966
2017-09-20,1.1314207223,0.0015832394
2017-09-21,1.1306393894,-0.0006905768
2017-09-22,1.1297459188,-0.0007902348
2017-09-25,1.1289440415,-0.0007097855
2017-09-26,1.1290289388,7.52006e-05
2017-09-27,1.1300729479,0.0009246965
2017-09-28,1.129826768,-0.0002178443
2017-09-29,1.1319012214,0.001836081
2017-10-09,1.1379551316,0.0053484439
2017-10-10,1.1402010505,0.0019736445
2017-10-11,1.1398925704,-0.0002705488
2017-10-12,1.1402644419,0.0003262338
2017-10-13,1.1417364154,0.0012909054
2017-10-16,1.1403058338,-0.0012529877
2017-10-17,1.1404485586,0.0001251637
2017-10-18,1.1420136823,0.0013723755
2017-10-19,1.1403843067,-0.0014267566
2017-10-20,1.1420565023,0.0014663439
2017-10-23,1.1433204187,0.0011067022
2017-10-24,1.1437490695,0.0003749174
2017-10-25,1.1454543018,0.0014909147
2017-10-26,1.1456952672,0.0002103667
2017-10-27,1.1479073379,0.001930767
2017-10-30,1.1450220351,-0.0025135329
2017-10-31,1.1450869717,5.67121e-05
2017-11-01,1.1460270387,0.0008209569
2017-11-02,1.1445194925,-0.0013154543
2017-11-03,1.144000239,-0.0004536869
2017-11-06,1.1485757745,0.0039995932
2017-11-07,1.1510826315,0.0021825787
2017-11-08,1.1503992883,-0.0005936526
2017-11-09,1.1531784587,0.0024158311
2017-11-10,1.1552149898,0.0017660156
2017-11-13,1.1562557139,0.0009008921
2017-11-14,1.1529452278,-0.0028631089
2017-11-15,1.1495693778,-0.0029280228
2017-11-16,1.152630414,0.0026627677
2017-11-17,1.1500287168,-0.0022571825
2017-11-20,1.151842901,0.0015775121
2017-11-21,1.1559654262,0.0035790689
2017-11-22,1.1559294126,-3.11545e-05
2017-11-23,1.1466466537,-0.0080305587
2017-11-24,1.1465274661,-0.0001039444
2017-11-27,1.1428666717,-0.0031929408
2017-11-28,1.1451084114,0.0019615059
2017-11-29,1.1445087774,-0.0005236482
2017-11-30,1.1411583722,-0.002927374
2017-12-01,1.1428804005,0.0015090178
2017-12-04,1.1432960141,0.0003636546
2017-12-05,1.1402004242,-0.0027076014
2017-12-06,1.1384485142,-0.0015364931
2017-12-07,1.1372441482,-0.0010579011
2017-12-08,1.1411854451,0.0034656558
2017-12-11,1.1467598526,0.0048847517
2017-12-12,1.142813909,-0.0034409503
2017-12-13,1.1460539696,0.0028351603
2017-12-14,1.1445526923,-0.0013099534
2017-12-15,1.1411698247,-0.0029556242
2017-12-18,1.1422254727,0.0009250577
2017-12-19,1.1459000502,0.0032170334
2017-12-20,1.1449336871,-0.0008433224
2017-12-21,1.1473717812,0.0021294632
2017-12-22,1.1477152069,0.000299315
2017-12-25,1.146311316,-0.0012232049
2017-12-26,1.1477807013,0.0012818379
2017-12-27,1.1435880028,-0.0036528742
2017-12-28,1.1457868304,0.0019227446
2017-12-29,1.1476553864,0.001630806
2018-01-02,1.153530225,0.0051189919
2018-01-03,1.1563216493,0.002419897
2018-01-04,1.1581858885,0.0016122151
2018-01-05,1.1589500533,0.0006597946
2018-01-08,1.1606401222,0.0014582759
2018-01-09,1.1628082185,0.0018680177
2018-01-10,1.1624272403,-0.0003276363
2018-01-11,1.1634111441,0.0008464218
2018-01-12,1.164270164,0.0007383632
2018-01-15,1.1600072886,-0.0036614143
2018-01-16,1.1630688486,0.0026392593
2018-01-17,1.1634711563,0.0003459019
2018-01-18,1.1650174517,0.0013290363
2018-01-19,1.1647109569,-0.0002630818
2018-01-22,1.1697552015,0.0043308982
2018-01-23,1.1729076396,0.0026949554
2018-01-24,1.1754540517,0.0021710253
2018-01-25,1.1725092446,-0.0025052507
2018-01-26,1.1741229584,0.0013762909
2018-01-29,1.167526192,-0.005618463
2018-01-30,1.1638023851,-0.0031894846
2018-01-31,1.1619465563,-0.0015946253
2018-02-01,1.154570023,-0.0063484274
2018-02-02,1.1540057416,-0.0004887372
2018-02-05,1.152186456,-0.0015764961
2018-02-06,1.1352626108,-0.0146884605
2018-02-07,1.1305272963,-0.0041711182
2018-02-08,1.1297114592,-0.000721643
2018-02-09,1.1149319095,-0.0130825881
2018-02-12,1.1217739408,0.0061367257
2018-02-13,1.1257202754,0.0035179411
2018-02-14,1.1299437181,0.0037517692
2018-02-22,1.1390922348,0.0080964358
2018-02-23,1.141144308,0.0018014987
2018-02-26,1.1487766666,0.0066883378
2018-02-27,1.145758452,-0.0026273293
2018-02-28,1.1431855841,-0.0022455587
2018-03-01,1.1473762141,0.0036657478
2018-03-02,1.1441639055,-0.0027996995
2018-03-05,1.1444899025,0.0002849216
2018-03-06,1.1512371499,0.0058954189
2018-03-07,1.1475927279,-0.0031656571
2018-03-08,1.1530832984,0.0047844243
2018-03-09,1.1590490362,0.0051737267
2018-03-12,1.164097779,0.0043559355
2018-03-13,1.1602025901,-0.0033461011
2018-03-14,1.1568133796,-0.002921223
2018-03-15,1.15719873,0.0003331137
2018-03-16,1.1554035009,-0.0015513576
2018-03-19,1.1574311305,0.0017549103
2018-03-20,1.1601371461,0.0023379496
2018-03-21,1.1578967845,-0.0019311179
2018-03-22,1.153589076,-0.0037202871
2018-03-23,1.136816185,-0.014539745
2018-03-26,1.1412750699,0.0039222568
2018-03-27,1.1470209419,0.0050346074
2018-03-28,1.1406705914,-0.0055363858
2018-03-29,1.1446258051,0.003467446
2018-03-30,1.1491529156,0.0039551009
2018-04-02,1.1479411254,-0.0010545074
2018-04-03,1.1454294334,-0.0021879972
2018-04-04,1.14224839,-0.0027771623
2018-04-09,1.1454690904,0.0028196147
2018-04-10,1.1519528937,0.0056603913
2018-04-11,1.1537413315,0.0015525269
2018-04-12,1.1512787126,-0.0021344636
2018-04-13,1.1489220769,-0.0020469724
2018-04-16,1.1444070894,-0.0039297595
2018-04-17,1.1367468029,-0.0066936727
2018-04-18,1.1423766534,0.0049525985
2018-04-19,1.1462477825,0.0033886626
2018-04-20,1.1387901514,-0.0065061248
2018-04-23,1.1371700626,-0.0014226403
2018-04-24,1.1469130688,0.0085677654
2018-04-25,1.1470263893,9.88047e-05
2018-04-26,1.139947038,-0.0061719167
2018-04-27,1.1429062677,0.0025959361
2018-05-02,1.1458437499,0.0025701865
2018-05-03,1.1472317769,0.001211358
2018-05-04,1.1466021158,-0.0005488525
2018-05-07,1.1540527786,0.0064980369
2018-05-08,1.1578330221,0.0032756245
2018-05-09,1.1582336375,0.0003460044
2018-05-10,1.1624509923,0.0036411952
2018-05-11,1.1587089206,-0.0032191221
2018-05-14,1.1609094251,0.0018991003
2018-05-15,1.1637622056,0.002457367
2018-05-16,1.1634433673,-0.0002739721
2018-05-17,1.1606615144,-0.0023910514
2018-05-18,1.1636021144,0.0025335552
2018-05-21,1.1681128651,0.0038765405
2018-05-22,1.1691275025,0.0008686125
2018-05-23,1.162530598,-0.0056425878
2018-05-24,1.1613208229,-0.0010406394
2018-05-25,1.1583043153,-0.0025974799
2018-05-28,1.1593926017,0.0009395513
2018-05-29,1.1531398659,-0.0053931134
2018-05-30,1.1433039739,-0.0085296609
2018-05-31,1.1519599146,0.007570988
2018-06-01,1.1460887645,-0.0050966617
2018-06-04,1.1481180029,0.001770577
2018-06-05,1.1547342301,0.0057626718
2018-06-06,1.1551396439,0.0003510884
2018-06-07,1.1536810165,-0.0012627282
2018-06-08,1.1475657957,-0.0053006167
2018-06-11,1.1451437615,-0.0021105841
2018-06-12,1.1508469796,0.0049803512
2018-06-13,1.1442118533,-0.0057654288
2018-06-14,1.1413182289,-0.0025289236
2018-06-15,1.1356890206,-0.0049321987
2018-06-19,1.1130553357,-0.0199294741
2018-06-20,1.1189331026,0.0052807499
2018-06-21,1.1109902387,-0.0070986048
2018-06-22,1.1166896724,0.0051300484
2018-06-25,1.1116959399,-0.0044719071
2018-06-26,1.1122417205,0.0004909441
2018-06-27,1.105309402,-0.0062327445
2018-06-28,1.1019653951,-0.0030254035
2018-06-29,1.1173197265,0.0139335877
2018-07-02,1.1080224155,-0.0083210837
2018-07-03,1.1102025103,0.0019675548
2018-07-04,1.1026230222,-0.0068271221
2018-07-05,1.0944914635,-0.0073747405
2018-07-06,1.0973918404,0.0026499767
2018-07-09,1.1108724196,0.0122841985
2018-07-10,1.1127462459,0.001686806
2018-07-11,1.102805794,-0.0089332603
2018-07-12,1.1162291897,0.0121720395
2018-07-13,1.1197289438,0.0031353365
2018-07-16,1.1184016585,-0.001185363
2018-07-17,1.1159780324,-0.0021670445
2018-07-18,1.1140579064,-0.0017205769
2018-07-19,1.1106032607,-0.003100957
2018-07-20,1.1198461655,0.0083224182
2018-07-23,1.120976242,0.0010091355
2018-07-24,1.1305002825,0.0084962019
2018-07-25,1.1324725485,0.0017445958
2018-07-26,1.1274956596,-0.0043947104
2018-07-27,1.1253452688,-0.0019072275
2018-07-30,1.1210786193,-0.0037914137
2018-07-31,1.1212806967,0.0001802526
2018-08-01,1.1120641278,-0.0082196803
2018-08-02,1.0992583424,-0.01151533
2018-08-03,1.0929709735,-0.0057196463
2018-08-06,1.0851466817,-0.0071587371
2018-08-07,1.09890864,0.012682118
2018-08-08,1.0906994657,-0.0074702973
2018-08-09,1.1030544496,0.0113275785
2018-08-10,1.1048522929,0.0016298773
2018-08-13,1.1034395703,-0.0012786529
2018-08-14,1.1014473053,-0.0018055044
2018-08-15,1.0877359987,-0.0124484454
2018-08-16,1.0844793292,-0.0029939889
2018-08-17,1.0761974625,-0.0076367216
2018-08-20,1.0799612946,0.0034973435
2018-08-21,1.0882030551,0.0076315332
2018-08-22,1.0846847457,-0.0032331369
2018-08-23,1.0871210583,0.0022461021
2018-08-24,1.0875558161,0.0003999166
2018-08-27,1.1015651296,0.0128814662
2018-08-28,1.1010868403,-0.0004341907
2018-08-29,1.0984558864,-0.0023894154
2018-08-30,1.091548252,-0.006288495
2018-08-31,1.0856236995,-0.0054276598
2018-09-03,1.0851873919,-0.0004018957
2018-09-04,1.0909343319,0.0052958042
2018-09-05,1.0798355229,-0.0101736728
2018-09-06,1.074912136,-0.0045593859
2018-09-07,1.0769177148,0.0018658072
2018-09-10,1.0673469886,-0.0088871472
2018-09-11,1.0663551826,-0.0009292254
2018-09-12,1.0639780858,-0.0022291793
2018-09-13,1.0687518984,0.0044867584
2018-09-14,1.0671513098,-0.0014976241
2018-09-17,1.0589719705,-0.0076646481
2018-09-18,1.0695615262,0.0099998452
2018-09-19,1.0773776317,0.0073077661
2018-09-20,1.0770760785,-0.0002798955
2018-09-21,1.0905046911,0.0124676546
2018-09-25,1.0873659289,-0.0028782657
2018-09-26,1.0923071549,0.0045442164
2018-09-27,1.0888263896,-0.0031866177
2018-09-28,1.0945161369,0.005225578
2018-10-08,1.067238175,-0.0249223935
2018-10-09,1.0661945759,-0.0009778502
2018-10-10,1.0647923453,-0.0013151733
2018-10-11,1.0311020689,-0.0316402316
2018-10-12,1.0352661854,0.0040385105
2018-10-15,1.0260414714,-0.0089104755
2018-10-16,1.0184370339,-0.0074114329
2018-10-17,1.0216992468,0.0032031562
2018-10-18,1.008008148,-0.0134003218
2018-10-19,1.0233835063,0.0152532083
2018-10-22,1.050766702,0.0267575113
2018-10-23,1.0363579756,-0.0137125838
2018-10-24,1.0352209458,-0.00109714
2018-10-25,1.035222794,1.7853e-06
2018-10-26,1.0318707172,-0.0032380245
2018-10-29,1.020280119,-0.0112326069
2018-10-30,1.0267970282,0.0063873725
2018-10-31,1.0367370537,0.0096806138
2018-11-01,1.0426819205,0.0057342088
2018-11-02,1.066049477,0.0224110115
2018-11-05,1.0625962194,-0.0032393034
2018-11-06,1.0621301588,-0.0004386055
2018-11-07,1.0591149645,-0.0028388181
2018-11-08,1.0561554744,-0.0027943049
2018-11-09,1.0492792,-0.0065106649
2018-11-12,1.0609703454,0.011142073
2018-11-13,1.0706927449,0.0091636863
2018-11-14,1.0659564266,-0.0044236017
2018-11-15,1.0762528203,0.0096593007
2018-11-16,1.0793981787,0.0029225088
2018-11-19,1.0834604357,0.0037634463
2018-11-20,1.0649740486,-0.0170623555
2018-11-21,1.0693570758,0.0041156188
2018-11-22,1.0681299305,-0.0011475543
2018-11-23,1.0493158048,-0.0176140797
2018-11-26,1.0502493894,0.0008897079
2018-11-27,1.0515674766,0.0012550231
2018-11-28,1.0613672198,0.0093191768
2018-11-29,1.0499666987,-0.010741354
2018-11-30,1.0557883532,0.0055446086
2018-12-03,1.0769408631,0.0200348014
2018-12-04,1.0782793963,0.0012429031
2018-12-05,1.0740061838,-0.0039629919
2018-12-06,1.057079807,-0.0157600367
2018-12-07,1.054893812,-0.0020679564
2018-12-10,1.0469769273,-0.0075049115
2018-12-11,1.0522182998,0.0050061968
2018-12-12,1.0548472946,0.0024985261
2018-12-13,1.0629323183,0.007664639
2018-12-14,1.0479303666,-0.0141137413
2018-12-17,1.0450945256,-0.0027061349
2018-12-18,1.0388480391,-0.0059769584
2018-12-19,1.0299819571,-0.0085345322
2018-12-20,1.0277818692,-0.0021360451
2018-12-21,1.0223458759,-0.0052890535
2018-12-24,1.0259246711,0.0035005718
2018-12-25,1.0207207437,-0.0050724264
2018-12-26,1.0198159324,-0.0008864435
2018-12-27,1.0141582056,-0.0055477921
2018-12-28,1.0167859239,0.0025910339
2019-01-02,1.0073127932,-0.0093167406
2019-01-03,1.003380303,-0.0039039415
2019-01-04,1.0226829176,0.0192375857
2019-01-07,1.0307062349,0.0078453616
2019-01-08,1.0299269375,-0.000756081
2019-01-09,1.0368965242,0.0067670691
2019-01-10,1.0349890541,-0.0018395954
2019-01-11,1.0378232319,0.002738365
2019-01-14,1.0303767144,-0.0071751309
2019-01-15,1.0424704766,0.0117372239
2019-01-16,1.0436746268,0.0011550929
2019-01-17,1.0394374884,-0.004059827
2019-01-18,1.050517583,0.0106597027
2019-01-21,1.0540246528,0.0033384208
2019-01-22,1.043651892,-0.0098410989
2019-01-23,1.0438780028,0.0002166535
2019-01-24,1.0484896917,0.0044178428
2019-01-25,1.0524332059,0.0037611378
2019-01-28,1.0491978928,-0.0030741268
2019-01-29,1.046423869,-0.0026439472
2019-01-30,1.041760905,-0.0044560948
2019-01-31,1.0429835586,0.0011736413
2019-02-01,1.0571003071,0.0135349674
2019-02-11,1.0700604179,0.0122600578
2019-02-12,1.077107504,0.0065856899
2019-02-13,1.0898308846,0.0118125448
2019-02-14,1.0912892997,0.0013382031
2019-02-15,1.0811444951,-0.0092961643
2019-02-18,1.1051469501,0.0222009686
2019-02-19,1.1033395475,-0.001635441
2019-02-20,1.1053226268,0.0017973428
2019-02-21,1.1024818205,-0.0025701151
2019-02-22,1.1206327614,0.0164637099
2019-02-25,1.1606998027,0.0357539443
2019-02-26,1.1556025407,-0.004391542
2019-02-27,1.1528212166,-0.0024068173
2019-02-28,1.1530163834,0.000169295
2019-03-01,1.1646522913,0.0100917108
2019-03-04,1.1773728092,0.0109221593
2019-03-05,1.1895023935,0.010302246
2019-03-06,1.2001585074,0.0089584636
2019-03-07,1.199365008,-0.0006611622
2019-03-08,1.165292816,-0.028408526
2019-03-11,1.1904726544,0.0216081641
2019-03-12,1.2032313951,0.010717374
2019-03-13,1.1918385666,-0.0094685266
2019-03-14,1.1788384282,-0.0109076336
2019-03-15,1.1894233126,0.0089790799
2019-03-18,1.2128444531,0.0196911733
2019-03-19,1.2126989859,-0.0001199389
2019-03-20,1.2122013433,-0.0004103596
2019-03-21,1.2178008815,0.0046193136
2019-03-22,1.2177392272,-5.06275e-05
2019-03-25,1.2003262196,-0.0142994553
2019-03-26,1.1851624924,-0.0126330051
2019-03-27,1.1950541022,0.0083462055
2019-03-28,1.1884930522,-0.0054901698
2019-03-29,1.2169395428,0.0239349238
2019-04-01,1.2431306066,0.0215220747
2019-04-02,1.2425730379,-0.0004485198
2019-04-03,1.253319542,0.0086485894
2019-04-04,1.2584135205,0.0040643893
2019-04-08,1.2570553815,-0.001079247
2019-04-09,1.2600762581,0.0024031372
2019-04-10,1.2613838389,0.0010376997
2019-04-11,1.2430190051,-0.0145592746
2019-04-12,1.242673223,-0.0002781793
2019-04-15,1.2340922746,-0.0069052332
2019-04-16,1.2526861737,0.0150668629
2019-04-17,1.2551640121,0.0019780201
2019-04-18,1.24942271,-0.0045741449
2019-04-19,1.256015893,0.0052769835
2019-04-22,1.2419332173,-0.0112121796
2019-04-23,1.236178859,-0.0046333878
2019-04-24,1.2406155681,0.0035890511
2019-04-25,1.2163311873,-0.0195744608
2019-04-26,1.2076085823,-0.0071712417
2019-04-29,1.2003259412,-0.0060306304
2019-04-30,1.2039600234,0.0030275795
2019-05-06,1.1507583718,-0.0441888855
2019-05-07,1.1588232939,0.0070083541
2019-05-08,1.1509228964,-0.0068176033
2019-05-09,1.1369174154,-0.0121689133
2019-05-10,1.1626870297,0.0226662147
2019-05-13,1.1510798899,-0.0099830303
2019-05-14,1.1473489048,-0.0032412912
2019-05-15,1.165169024,0.0155315607
2019-05-16,1.1697317777,0.0039159586
2019-05-17,1.1451013095,-0.0210565094
2019-05-20,1.1382654403,-0.0059696632
2019-05-21,1.1505353757,0.0107795027
2019-05-22,1.1457356649,-0.0041717195
2019-05-23,1.1293111307,-0.0143353608
2019-05-24,1.1290041068,-0.0002718683
2019-05-27,1.1419711849,0.0114854127
2019-05-28,1.1452527936,0.0028736353
2019-05-29,1.1432080699,-0.0017853907
2019-05-30,1.1373935053,-0.0050861823
2019-05-31,1.134985939,-0.0021167399
2019-06-03,1.1305569956,-0.0039022011
2019-06-04,1.1240675567,-0.005740037
2019-06-05,1.1213871107,-0.0023845951
2019-06-06,1.1114622592,-0.0088505133
2019-06-10,1.1209659496,0.0085506191
2019-06-11,1.1463554114,0.022649628
2019-06-12,1.1380981393,-0.0072030647
2019-06-13,1.140865171,0.0024312769
2019-06-14,1.1301225062,-0.009416244
2019-06-17,1.1310849219,0.000851603
2019-06-18,1.1349149777,0.0033861789
2019-06-19,1.1471864115,0.0108126459
2019-06-20,1.1689618014,0.0189815619
2019-06-21,1.1750200836,0.0051826177
2019-06-24,1.1754447871,0.0003614436
2019-06-25,1.1667474872,-0.0073991565
2019-06-26,1.1680229134,0.0010931467
2019-06-27,1.1769588689,0.0076504968
2019-06-28,1.1721790007,-0.0040612024
2019-07-01,1.1938008199,0.0184458339
2019-07-02,1.1940750236,0.0002296896
2019-07-03,1.1880120121,-0.00507758
2019-07-04,1.1841313447,-0.003266522
2019-07-05,1.1880905873,0.0033435839
2019-07-08,1.1650625956,-0.0193823534
2019-07-09,1.1647599215,-0.0002597922
2019-07-10,1.1619782351,-0.0023882058
2019-07-11,1.1627313184,0.0006481045
2019-07-12,1.1674869571,0.0040900581
2019-07-15,1.1734888671,0.0051408797
2019-07-16,1.1721086606,-0.0011761564
2019-07-17,1.1704680829,-0.0013996806
2019-07-18,1.1593762922,-0.0094763717
2019-07-19,1.167598929,0.0070922933
2019-07-22,1.1581997555,-0.0080500018
2019-07-23,1.1646141503,0.0055382457
2019-07-24,1.1718791249,0.0062380958
2019-07-25,1.1743811642,0.002135066
2019-07-26,1.175497786,0.0009508172
2019-07-29,1.1725078022,-0.0025435895
2019-07-30,1.1782641022,0.0049093916
2019-07-31,1.1717947084,-0.0054906143
2019-08-01,1.1642381535,-0.006448702
2019-08-02,1.1506377987,-0.0116817636
2019-08-05,1.1340359165,-0.0144284171
2019-08-06,1.1231995581,-0.009555569
2019-08-07,1.1221945053,-0.0008948123
2019-08-08,1.1328337998,0.0094807936
2019-08-09,1.1253282596,-0.0066254558
2019-08-12,1.1371949657,0.0105451062
2019-08-13,1.131485381,-0.0050207615
2019-08-14,1.1336918515,0.0019500654
2019-08-15,1.1376782098,0.0035162626
2019-08-16,1.1431722719,0.0048291881
2019-08-19,1.167964737,0.0216874269
2019-08-20,1.166161974,-0.0015435081
2019-08-21,1.1664404078,0.0002387609
2019-08-22,1.166841655,0.0003439929
2019-08-23,1.1701509118,0.0028360805
2019-08-26,1.1623442114,-0.006671533
2019-08-27,1.1738937779,0.0099364425
2019-08-28,1.1712679175,-0.0022368808
2019-08-29,1.1719515821,0.0005836962
2019-08-30,1.1679259187,-0.0034350083
2019-09-02,1.1820254262,0.0120722618
2019-09-03,1.1825495239,0.0004433896
2019-09-04,1.193766074,0.0094850574
2019-09-05,1.2031461539,0.0078575527
2019-09-06,1.2076648364,0.0037557221
2019-09-09,1.2196533852,0.0099270496
2019-09-10,1.2186935237,-0.0007869953
2019-09-11,1.2161211654,-0.0021107508
2019-09-12,1.22099401,0.0040068742
2019-09-16,1.2217972699,0.0006578737
2019-09-17,1.2041860084,-0.0144142256
2019-09-18,1.2059260001,0.0014449526
2019-09-19,1.2095456374,0.0030015417
2019-09-20,1.2111457752,0.0013229248
2019-09-23,1.201150932,-0.0082523867
2019-09-24,1.202736723,0.0013202263
2019-09-25,1.1927041364,-0.0083414653
2019-09-26,1.1810548741,-0.0097671014
2019-09-27,1.1832485518,0.0018573884
2019-09-30,1.1759288789,-0.0061860823
2019-10-08,1.1739531125,-0.0016801751
2019-10-09,1.177853908,0.0033227865
2019-10-10,1.1887544088,0.0092545439
2019-10-11,1.1972883872,0.0071789247
2019-10-14,1.2070352514,0.0081407823
2019-10-15,1.2015335914,-0.0045579945
2019-10-16,1.2001419874,-0.0011581898
2019-10-17,1.2003576532,0.0001797003
2019-10-18,1.1889917734,-0.0094687444
2019-10-21,1.1883831128,-0.0005119132
2019-10-22,1.194086634,0.004799396
2019-10-23,1.1876938793,-0.0053536774
2019-10-24,1.1884384496,0.0006269042
2019-10-25,1.1946163239,0.0051983124
2019-10-28,1.2058802379,0.0094288968
2019-10-29,1.1978725184,-0.0066405595
2019-10-30,1.1898720195,-0.0066789234
2019-10-31,1.1879433873,-0.0016208737
2019-11-01,1.199572032,0.0097888879
2019-11-04,1.2071994426,0.0063584432
2019-11-05,1.2123182679,0.0042402482
2019-11-06,1.2053320105,-0.0057627255
2019-11-07,1.2110319322,0.0047289226
2019-11-08,1.2066865756,-0.0035881437
2019-11-11,1.1877906072,-0.015659384
2019-11-12,1.1893801944,0.0013382723
2019-11-13,1.1869138671,-0.002073624
2019-11-14,1.1887569405,0.0015528283
2019-11-15,1.1833148733,-0.0045779478
2019-11-18,1.1901641431,0.0057882056
2019-11-19,1.2032962585,0.0110338691
2019-11-20,1.1961030325,-0.0059779343
2019-11-21,1.1923958187,-0.0030994101
2019-11-22,1.1845741918,-0.0065595893
2019-11-25,1.1882987122,0.0031441849
2019-11-26,1.1884053054,8.97024e-05
2019-11-27,1.1872106315,-0.0010052748
2019-11-28,1.1842895198,-0.0024604831
2019-11-29,1.178244,-0.005104765
2019-12-02,1.1786385587,0.0003348701
2019-12-03,1.1809939467,0.0019983972
2019-12-04,1.1805566217,-0.0003703025
2019-12-05,1.1888548931,0.0070291177
2019-12-06,1.1957188699,0.0057736035
2019-12-09,1.1946839827,-0.0008654937
2019-12-10,1.1977768013,0.0025888173
2019-12-11,1.1982134606,0.0003645582
2019-12-12,1.198920187,0.0005898168
2019-12-13,1.2149440103,0.0133652127
2019-12-16,1.2240614906,0.0075044448
2019-12-17,1.2356332612,0.0094535861
2019-12-18,1.2347053305,-0.0007509759
2019-12-19,1.2355406673,0.0006765476
2019-12-20,1.2310178441,-0.0036606025
2019-12-23,1.2190246579,-0.0097424958
2019-12-24,1.2276037319,0.0070376541
2019-12-25,1.2293167637,0.0013954273
2019-12-26,1.2364854401,0.0058314314
2019-12-27,1.2326121424,-0.0031325057
2019-12-30,1.2438807431,0.0091420491
2019-12-31,1.2486097871,0.0038018468
2020-01-02,1.2649999047,0.0131266932
2020-01-03,1.2655368952,0.0004244985
2020-01-06,1.2673071209,0.0013987942
2020-01-07,1.2786242678,0.0089300744
2020-01-08,1.2646954157,-0.0108936241
2020-01-09,1.2789563041,0.0112761446
2020-01-10,1.2778180381,-0.000889996
2020-01-13,1.2884308853,0.0083054448
2020-01-14,1.2850512037,-0.0026230988
2020-01-15,1.2807844369,-0.0033203088
2020-01-16,1.2786544645,-0.0016630218
2020-01-17,1.2801583348,0.0011761351
2020-01-20,1.2879055805,0.0060517871
2020-01-21,1.2740587621,-0.0107514235
2020-01-22,1.2779607359,0.0030626325
2020-01-23,1.2491138017,-0.0225726295
2020-02-03,1.1761503822,-0.0584121474
2020-02-04,1.1990251732,0.0194488658
2020-02-05,1.2163835599,0.0144770828
2020-02-06,1.2407683245,0.0200469369
2020-02-07,1.241656049,0.0007154636
2020-02-10,1.2452962127,0.0029317005
2020-02-11,1.2475048005,0.0017735442
2020-02-12,1.2606369606,0.0105267411
2020-02-13,1.2528187779,-0.0062017717
2020-02-14,1.2556154104,0.0022322722
2020-02-17,1.2789338096,0.018571291
2020-02-18,1.281047203,0.001652465
2020-02-19,1.2757938512,-0.0041008261
2020-02-20,1.2926446049,0.0132080537
2020-02-21,1.2977426215,0.0039438656
2020-02-24,1.297158047,-0.0004504549
2020-02-25,1.29590435,-0.0009664951
2020-02-26,1.2768687833,-0.0146890214
2020-02-27,1.2785084288,0.0012841143
2020-02-28,1.237967532,-0.0317095264
2020-03-02,1.2655454861,0.0222767991
2020-03-03,1.2720273544,0.005121798
2020-03-04,1.2783070218,0.0049367393
2020-03-05,1.2958377036,0.0137139838
2020-03-06,1.2818920697,-0.0107618677
2020-03-09,1.2404115428,-0.0323588295
2020-03-10,1.2591456574,0.0151031443
2020-03-11,1.2452907911,-0.0110033865
2020-03-12,1.220351224,-0.0200271031
2020-03-13,1.2120336222,-0.0068157442
2020-03-16,1.1701897771,-0.034523667
2020-03-17,1.1709008698,0.000607673
2020-03-18,1.1504013075,-0.0175075131
2020-03-19,1.1468609141,-0.003077529
2020-03-20,1.1658380485,0.0165470234
2020-03-23,1.1335320181,-0.0277105645
2020-03-24,1.1617439619,0.0248885284
2020-03-25,1.185978842,0.0208607756
2020-03-26,1.1828212987,-0.0026623942
2020-03-27,1.1792525226,-0.0030171727
2020-03-30,1.1679510075,-0.0095836259
2020-03-31,1.1729893997,0.0043138729
2020-04-01,1.1636666242,-0.007947877
2020-04-02,1.1801215951,0.0141406229
2020-04-03,1.1765716823,-0.0030080907
2020-04-07,1.2060199935,0.0250289138
2020-04-08,1.2028430233,-0.00263426
2020-04-09,1.2124498241,0.0079867453
2020-04-10,1.2016602949,-0.0088989491
2020-04-13,1.1968738087,-0.0039832274
2020-04-14,1.2137962266,0.0141388489
2020-04-15,1.2062922269,-0.0061822566
2020-04-16,1.2112004117,0.004068819
2020-04-17,1.2173752523,0.0050981164
2020-04-20,1.2231899384,0.0047764123
2020-04-21,1.2103354858,-0.0105089588
2020-04-22,1.2187591853,0.0069598054
2020-04-23,1.217587978,-0.0009609834
2020-04-24,1.2053639544,-0.0100395404
2020-04-27,1.2128915353,0.0062450689
2020-04-28,1.2150066536,0.0017438643
2020-04-29,1.2211021406,0.0050168343
2020-04-30,1.2302618435,0.0075011767
2020-05-06,1.2327378037,0.0020125473
2020-05-07,1.2324988467,-0.0001938425
2020-05-08,1.2437278592,0.0091107691
2020-05-11,1.2422917897,-0.0011546493
2020-05-12,1.2417428823,-0.0004418506
2020-05-13,1.2427656008,0.0008236153
2020-05-14,1.2324733722,-0.0082817134
2020-05-15,1.2326051734,0.0001069404
2020-05-18,1.2396570655,0.0057211281
2020-05-19,1.2487971441,0.0073730703
2020-05-20,1.2438488167,-0.003962475
2020-05-21,1.2369754881,-0.0055258553
2020-05-22,1.2135915113,-0.0189041553
2020-05-25,1.2173234848,0.003075148
2020-05-26,1.2339687629,0.0136736687
2020-05-27,1.2277920403,-0.0050055745
2020-05-28,1.2273350493,-0.0003722055
2020-05-29,1.2328537961,0.0044965283
2020-06-01,1.2580515762,0.0204385793
2020-06-02,1.2616908757,0.0028928063
2020-06-03,1.2662654076,0.0036257153
2020-06-04,1.2668638163,0.0004725776
2020-06-05,1.2765912459,0.0076783546
2020-06-08,1.2772071135,0.0004824313
2020-06-09,1.2821751265,0.0038897474
2020-06-10,1.2824213145,0.0001920081
2020-06-11,1.2699050156,-0.0097598962
2020-06-12,1.2732273364,0.0026161963
2020-06-15,1.2692426132,-0.0031296242
2020-06-16,1.2879152585,0.0147116439
2020-06-17,1.2929313168,0.0038947115
2020-06-18,1.2928075017,-9.57631e-05
2020-06-19,1.304382008,0.0089530005
2020-06-22,1.3036550375,-0.0005573295
2020-06-23,1.3126284156,0.0068832459
2020-06-24,1.31014426,-0.0018925049
2020-06-29,1.3053800025,-0.0036364373
2020-06-30,1.3200375099,0.0112285368
2020-07-01,1.3272821539,0.0054882107
2020-07-02,1.3492154421,0.0165249628
2020-07-03,1.366313238,0.0126723986
2020-07-06,1.4132481049,0.034351469
2020-07-07,1.4182392205,0.0035316627
2020-07-08,1.4366639521,0.0129912721
2020-07-09,1.456008775,0.0134650994
2020-07-10,1.4459355762,-0.0069183641
2020-07-13,1.4720738762,0.0180770848
2020-07-14,1.4628623395,-0.0062575234
2020-07-15,1.4501359545,-0.0086996464
2020-07-16,1.401183394,-0.0337572214
2020-07-17,1.4063773472,0.0037068332
2020-07-20,1.4342086362,0.0197893468
2020-07-21,1.4428245571,0.006007439
2020-07-22,1.4460688388,0.0022485629
2020-07-23,1.447922043,0.0012815463
2020-07-24,1.3987476818,-0.0339620226
2020-07-27,1.4020343804,0.0023497437
2020-07-28,1.4103805009,0.0059528644
2020-07-29,1.4364689902,0.0184974829
2020-07-30,1.4311164962,-0.0037261465
2020-07-31,1.4405411622,0.0065855338
2020-08-03,1.4602177321,0.0136591515
2020-08-04,1.460166313,-3.52133e-05
2020-08-05,1.4672202828,0.0048309359
2020-08-06,1.4627008924,-0.0030802399
2020-08-07,1.4496444707,-0.0089262417
2020-08-10,1.4566035852,0.0048005664
2020-08-11,1.4453980482,-0.0076929215
2020-08-12,1.4358443809,-0.0066097137
2020-08-13,1.4347052899,-0.0007933249
2020-08-14,1.4453614665,0.0074274325
2020-08-17,1.4666026738,0.0146961212
2020-08-18,1.4705019919,0.002658742
2020-08-19,1.4528277693,-0.0120191763
2020-08-20,1.4400159849,-0.0088185156
2020-08-21,1.4490224581,0.0062544259
2020-08-24,1.4597731263,0.0074192558
2020-08-25,1.4586933401,-0.0007396945
2020-08-26,1.4450674288,-0.0093411761
2020-08-27,1.4496109194,0.0031441374
2020-08-28,1.4693333604,0.0136053342
2020-08-31,1.4619925822,-0.0049959923
2020-09-01,1.4669394558,0.0033836516
2020-09-02,1.4675685375,0.0004288396
2020-09-03,1.458279494,-0.0063295467
2020-09-04,1.4482562896,-0.0068733082
2020-09-07,1.4281060163,-0.013913472
2020-09-08,1.4324070953,0.0030117365
2020-09-09,1.4088722399,-0.016430284
2020-09-10,1.3986645126,-0.0072453179
2020-09-11,1.4105441347,0.0084935465
2020-09-14,1.4162637612,0.0040549079
2020-09-15,1.4223571841,0.0043024633
2020-09-16,1.4181164262,-0.0029814999
2020-09-17,1.4136112826,-0.0031768503
2020-09-18,1.4310445897,0.0123324618
2020-09-21,1.4197513477,-0.0078916074
2020-09-22,1.4095234335,-0.007204018
2020-09-23,1.4141755354,0.0033004786
2020-09-24,1.3938568488,-0.0143678674
2020-09-25,1.3940213717,0.0001180343
2020-09-28,1.3946125283,0.0004240656
2020-09-29,1.3989050981,0.0030779659
2020-09-30,1.3980051332,-0.0006433352
2020-10-09,1.4240607875,0.0186377386
2020-10-12,1.4498389106,0.0181018418
2020-10-13,1.4516136112,0.0012240674
2020-10-14,1.4481504292,-0.0023857464
2020-10-15,1.4391673911,-0.0062031112
2020-10-16,1.4395010933,0.0002318717
2020-10-19,1.4282813012,-0.0077942227
2020-10-20,1.4347354171,0.0045187989
2020-10-21,1.428459084,-0.0043745579
2020-10-22,1.4233816941,-0.0035544525
2020-10-23,1.4106595855,-0.0089379459
2020-10-26,1.4065369525,-0.0029224861
2020-10-27,1.4085049079,0.0013991495
2020-10-28,1.4103592207,0.0013165114
2020-10-29,1.4149506171,0.0032554802
2020-10-30,1.3944897183,-0.0144605038
2020-11-02,1.3996896391,0.0037289058
2020-11-03,1.4141956417,0.010363728
2020-11-04,1.4162186425,0.0014304957
2020-11-05,1.435607586,0.0136906428
2020-11-06,1.4282068025,-0.0051551577
2020-11-09,1.4506244056,0.0156963285
2020-11-10,1.4437239262,-0.0047569029
2020-11-11,1.4342379753,-0.0065704742
2020-11-12,1.4344447401,0.0001441635
2020-11-13,1.4284948009,-0.0041479041
2020-11-16,1.4396486725,0.007808129
2020-11-17,1.4341731233,-0.0038033927
2020-11-18,1.4346787839,0.0003525799
2020-11-19,1.4366828793,0.0013968949
2020-11-20,1.4431394202,0.0044940613
2020-11-23,1.4537730038,0.0073683688
2020-11-24,1.4529714859,-0.0005513363
2020-11-25,1.4394259642,-0.0093226342
2020-11-26,1.4401290349,0.0004884382
2020-11-27,1.4470904757,0.0048339007
2020-11-30,1.4407539246,-0.0043788216
2020-12-01,1.4602486133,0.013530894
2020-12-02,1.459901604,-0.0002376371
2020-12-03,1.4600396273,9.45429e-05
2020-12-04,1.4624346537,0.0016403845
2020-12-07,1.4527243757,-0.006639803
2020-12-08,1.4514463787,-0.0008797243
2020-12-09,1.4391479507,-0.0084732224
2020-12-10,1.4424884877,0.0023211908
2020-12-11,1.4296382757,-0.0089083636
2020-12-14,1.4355361932,0.0041254614
2020-12-15,1.4392038822,0.0025549262
2020-12-16,1.4397275919,0.0003638885
2020-12-17,1.4522501253,0.0086978491
2020-12-18,1.4491578463,-0.002129302
2020-12-21,1.4591013558,0.006861578
2020-12-22,1.4407550948,-0.0125736714
2020-12-23,1.4501870489,0.0065465353
2020-12-24,1.4410461321,-0.0063032674
2020-12-25,1.4514200996,0.0071989142
2020-12-28,1.4487772047,-0.0018209027
2020-12-29,1.4436412364,-0.0035450367
2020-12-30,1.4585147303,0.0103027632
2020-12-31,1.4741318067,0.0107075205
2021-01-04,1.4883041699,0.0096140407
2021-01-05,1.495751708,0.0050040431
2021-01-06,1.5022013154,0.0043119505
2021-01-07,1.5090300493,0.0045458181
2021-01-08,1.5099442595,0.0006058264
2021-01-11,1.4968377131,-0.0086801525
2021-01-12,1.5193087137,0.0150123159
2021-01-13,1.5121358706,-0.0047211229
2021-01-14,1.5024800796,-0.0063855314
2021-01-15,1.5020280299,-0.000300869
2021-01-18,1.5154253062,0.0089194583
2021-01-19,1.5109488703,-0.0029539139
2021-01-20,1.5225110784,0.0076522828
2021-01-21,1.5348151222,0.008081415
2021-01-22,1.5373220275,0.0016333598
2021-01-25,1.5401704423,0.001852842
2021-01-26,1.519643353,-0.0133278037
2021-01-27,1.5231526098,0.0023092634
2021-01-28,1.4992217541,-0.0157113973
2021-01-29,1.4881923206,-0.0073567726
2021-02-01,1.5004174434,0.0082147466
2021-02-02,1.5122379282,0.0078781308
2021-02-03,1.5101439589,-0.0013846824
2021-02-04,1.5005261526,-0.006368801
2021-02-05,1.499407737,-0.000745349
2021-02-08,1.5125701623,0.0087784163
2021-02-09,1.5303893369,0.0117807259
2021-02-10,1.544807071,0.0094209583
2021-02-18,1.5501831276,0.0034800829
2021-02-19,1.5575390877,0.00474522
2021-02-22,1.5398687433,-0.0113450407
2021-02-23,1.5383323399,-0.0009977496
2021-02-24,1.51843527,-0.0129341816
2021-02-25,1.5206759544,0.0014756535
2021-02-26,1.4976331784,-0.0151529824
2021-03-01,1.5150709056,0.0116435236
2021-03-02,1.5037821356,-0.0074509846
2021-03-03,1.5224869268,0.0124384981
2021-03-04,1.5001576407,-0.0146663237
2021-03-05,1.499120688,-0.0006912292
2021-03-08,1.4749007208,-0.0161561156
2021-03-09,1.4591778486,-0.0106602919
2021-03-10,1.4602892282,0.0007616478
2021-03-11,1.4822961677,0.0150702608
2021-03-12,1.4830860808,0.0005328983
2021-03-15,1.4714831734,-0.0078234889
2021-03-16,1.4771322795,0.0038390559
2021-03-17,1.4798240826,0.0018223169
2021-03-18,1.4869552846,0.0048189525
2021-03-19,1.4720831132,-0.010001761
2021-03-22,1.4830847486,0.0074735151
2021-03-23,1.4718774216,-0.0075567677
2021-03-24,1.4589785332,-0.0087635616
2021-03-25,1.4599796129,0.0006861511
2021-03-26,1.4773326683,0.0118858204
2021-03-29,1.4788523767,0.0010286839
2021-03-30,1.4855581949,0.0045344744
2021-03-31,1.4804967684,-0.0034070874
2021-04-01,1.4926184901,0.0081876043
2021-04-02,1.4950207997,0.0016094599
2021-04-06,1.4950563061,2.37498e-05
2021-04-07,1.4918609177,-0.0021373031
2021-04-08,1.4949348266,0.0020604527
2021-04-09,1.4876126859,-0.0048979665
2021-04-12,1.4725463771,-0.0101278437
2021-04-13,1.4706492537,-0.0012883285
2021-04-14,1.4811028888,0.0071081769
2021-04-15,1.4777810009,-0.0022428475
2021-04-16,1.4841898743,0.0043368221
2021-04-19,1.4989302546,0.0099316001
2021-04-20,1.4981871548,-0.0004957534
2021-04-21,1.4992203569,0.0006896349
2021-04-22,1.5017782762,0.0017061663
2021-04-23,1.5070725245,0.0035253196
2021-04-26,1.5010958845,-0.0039657282
2021-04-27,1.5030539551,0.0013044274
2021-04-28,1.5108003585,0.005153776
2021-04-29,1.5151418774,0.0028736549
2021-04-30,1.5100459509,-0.0033633329
2021-05-06,1.5058339803,-0.0027892996
2021-05-07,1.4970401257,-0.0058398567
2021-05-10,1.498763185,0.0011509774
2021-05-11,1.4953833981,-0.0022550506
2021-05-12,1.5027425088,0.00492122
2021-05-13,1.4934374374,-0.0061920597
2021-05-14,1.5119022357,0.0123639583
2021-05-17,1.5209492701,0.0059838753
2021-05-18,1.5234430645,0.0016396302
2021-05-19,1.5201116548,-0.0021867635
2021-05-20,1.5198363775,-0.0001810902
2021-05-21,1.5150234227,-0.0031667585
2021-05-24,1.51911974,0.002703798
2021-05-25,1.5391694073,0.0131982139
2021-05-26,1.5410909843,0.0012484506
2021-05-27,1.5460834719,0.00323958
2021-05-28,1.5446848216,-0.0009046409
2021-05-31,1.5518029503,0.0046081431
2021-06-01,1.5557843703,0.0025656737
2021-06-02,1.5470745477,-0.0055983482
2021-06-03,1.5423775839,-0.0030360294
2021-06-04,1.5467022476,0.0028038943
2021-06-07,1.5475455877,0.0005452504
2021-06-08,1.5420814918,-0.0035308142
2021-06-09,1.5425998035,0.0003361117
2021-06-10,1.5505723846,0.0051682757
2021-06-11,1.5462211911,-0.0028061853
2021-06-15,1.5361181118,-0.0065340453
2021-06-16,1.5193832013,-0.0108942863
2021-06-17,1.523641621,0.0028027293
2021-06-18,1.5274583974,0.0025050355
2021-06-21,1.5319156079,0.0029180569
2021-06-22,1.5384973194,0.004296393
2021-06-23,1.5470852431,0.0055820205
2021-06-24,1.546574512,-0.0003301247
2021-06-25,1.5600746694,0.0087290701
2021-06-28,1.5597864361,-0.0001847561
2021-06-29,1.5537642777,-0.0038608865
2021-06-30,1.5590503685,0.0034021189
2021-07-01,1.5554319835,-0.0023208904
2021-07-02,1.5358010518,-0.0126208872
2021-07-05,1.5374547837,0.0010767878
2021-07-06,1.5325319544,-0.0032019343
2021-07-07,1.5430524123,0.0068647559
2021-07-08,1.5318937963,-0.007231521
2021-07-09,1.5374110116,0.0036015652
2021-07-12,1.5510722909,0.0088858992
2021-07-13,1.5589085858,0.005052179
2021-07-14,1.5499942067,-0.0057183463
2021-07-15,1.5586927023,0.0056119537
2021-07-16,1.5523006689,-0.0041008939
2021-07-19,1.5469960497,-0.0034172628
2021-07-20,1.5464686121,-0.000340943
2021-07-21,1.5564145865,0.0064314105
2021-07-22,1.5608113408,0.0028249249
2021-07-23,1.5494565585,-0.007274923
2021-07-26,1.5207209749,-0.0185455884
2021-07-27,1.4882122142,-0.0213772028
2021-07-28,1.488138755,-4.93607e-05
2021-07-29,1.509883844,0.0146122725
2021-07-30,1.5050166547,-0.0032235521
2021-08-02,1.5192839386,0.009479818
2021-08-03,1.5146061982,-0.0030789112
2021-08-04,1.5255611975,0.0072329027
2021-08-05,1.5200174702,-0.0036338938
2021-08-06,1.5183572941,-0.0010922086
2021-08-09,1.5278883905,0.0062772422
2021-08-10,1.536605423,0.0057052809
2021-08-11,1.5393708708,0.0017997124
2021-08-12,1.5382651014,-0.0007183255
2021-08-13,1.5353952022,-0.0018656727
2021-08-16,1.5323898119,-0.001957405
2021-08-17,1.5118637862,-0.0133947808
2021-08-18,1.522313954,0.0069121093
2021-08-19,1.5161172227,-0.0040706001
2021-08-20,1.5056321778,-0.0069157218
2021-08-23,1.520013551,0.0095517175
2021-08-24,1.5342093048,0.0093392285
2021-08-25,1.5403552505,0.0040059369
2021-08-26,1.5292323022,-0.0072210279
2021-08-27,1.5346275062,0.0035280473
2021-08-30,1.5369262947,0.0014979456
2021-08-31,1.5435272551,0.0042949101
2021-09-01,1.5470518737,0.0022834832
2021-09-02,1.5560772381,0.0058339119
2021-09-03,1.5508483016,-0.0033603322
2021-09-06,1.5662770036,0.0099485566
2021-09-07,1.5850266258,0.0119708213
2021-09-08,1.5868576546,0.0011552038
2021-09-09,1.5872406079,0.0002413281
2021-09-10,1.5897687935,0.0015928181
2021-09-13,1.5928157807,0.0019166228
2021-09-14,1.5778921248,-0.0093693546
2021-09-15,1.5761049831,-0.0011326133
2021-09-16,1.5582227271,-0.0113458533
2021-09-17,1.5603928273,0.0013926765
2021-09-22,1.5588854949,-0.0009659955
2021-09-23,1.5653429777,0.0041423714
2021-09-24,1.5532208775,-0.0077440538
2021-09-27,1.5402048227,-0.0083800411
2021-09-28,1.542917529,0.0017612634
2021-09-29,1.5240079506,-0.0122557286
2021-09-30,1.5350229203,0.0072276327
2021-10-08,1.5424524839,0.0048400343
2021-10-11,1.5438190389,0.0008859624
2021-10-12,1.5268899427,-0.0109657257
2021-10-13,1.5338687245,0.004570586
2021-10-14,1.5328444594,-0.0006677658
2021-10-15,1.5373238476,0.0029222719
2021-10-18,1.5359433004,-0.0008980198
2021-10-19,1.5462847536,0.0067329655
2021-10-20,1.5454413918,-0.0005454117
2021-10-21,1.5449505977,-0.0003175754
2021-10-22,1.5435865045,-0.0008829364
2021-10-25,1.5493151206,0.0037112375
2021-10-26,1.5442157044,-0.0032914002
2021-10-27,1.5309215575,-0.0086089961
2021-10-28,1.5209760962,-0.0064963886
2021-10-29,1.5289936988,0.0052713535
2021-11-01,1.5322856777,0.0021530363
2021-11-02,1.5189985511,-0.0086714422
2021-11-03,1.5215133984,0.0016555956
2021-11-04,1.5284945118,0.0045882694
2021-11-05,1.5205294863,-0.0052110266
2021-11-08,1.5235833903,0.0020084478
2021-11-09,1.5273982198,0.0025038534
2021-11-10,1.5273968766,-8.794e-07
2021-11-11,1.5423848329,0.0098127451
2021-11-12,1.5430570335,0.000435819
2021-11-15,1.5426975161,-0.0002329904
2021-11-16,1.5421362402,-0.0003638275
2021-11-17,1.5445181291,0.0015445385
2021-11-18,1.5344551234,-0.0065153044
2021-11-19,1.5423272246,0.0051302258
2021-11-22,1.5469591139,0.003003182
2021-11-23,1.5461784807,-0.0005046244
2021-11-24,1.5482410476,0.0013339772
2021-11-25,1.5444777739,-0.0024306768
2021-11-26,1.5339772235,-0.0067987708
2021-11-29,1.5316970801,-0.0014864258
2021-11-30,1.528780992,-0.0019038282
2021-12-01,1.5320009849,0.0021062487
2021-12-02,1.5296432946,-0.0015389613
2021-12-03,1.5344716717,0.0031565379
2021-12-06,1.5278608054,-0.0043082362
2021-12-07,1.5346437701,0.0044395175
2021-12-08,1.5462675558,0.0075742566
2021-12-09,1.5559257583,0.0062461393
2021-12-10,1.5535042627,-0.0015563054
2021-12-13,1.5566417549,0.0020196226
2021-12-14,1.5497835421,-0.0044057746
2021-12-15,1.5443605473,-0.003499195
2021-12-16,1.552454446,0.0052409386
2021-12-17,1.5401166127,-0.0079473078
2021-12-20,1.5230549988,-0.0110781312
2021-12-21,1.536755797,0.008995603
2021-12-22,1.540454949,0.0024071177
2021-12-23,1.5424114054,0.001270051
2021-12-24,1.5376314596,-0.0030990084
2021-12-27,1.5376811582,3.23216e-05
2021-12-28,1.541607436,0.0025533757
2021-12-29,1.5316094919,-0.006485402
2021-12-30,1.5427939027,0.0073023906
2021-12-31,1.5514322641,0.0055991674
2022-01-04,1.5518444287,0.0002656671
2022-01-05,1.5387882626,-0.0084133215
2022-01-06,1.5366605573,-0.0013827148
2022-01-07,1.5365247401,-8.83846e-05
2022-01-10,1.5417789733,0.0034195565
2022-01-11,1.5384054889,-0.0021880467
2022-01-12,1.5490007952,0.0068872001
2022-01-13,1.5356282328,-0.0086330249
2022-01-14,1.5305882146,-0.0032820562
2022-01-17,1.5371854132,0.0043102374
2022-01-18,1.5379340482,0.0004870167
2022-01-19,1.5351830952,-0.0017887327
2022-01-20,1.5383873166,0.0020871917
2022-01-21,1.526213935,-0.0079130798
2022-01-24,1.5234882405,-0.001785919
2022-01-25,1.4954510689,-0.018403274
2022-01-26,1.4986288084,0.0021249371
2022-01-27,1.4775123355,-0.0140905292
2022-01-28,1.4714831419,-0.0040806384
2022-02-07,1.4907347853,0.0130831559
2022-02-08,1.495373914,0.0031119745
2022-02-09,1.5092775862,0.0092977897
2022-02-10,1.5113183296,0.0013521326
2022-02-11,1.5017395271,-0.0063380443
2022-02-14,1.4879899866,-0.0091557426
2022-02-15,1.4943024501,0.0042422756
2022-02-16,1.4997532595,0.0036477283
2022-02-17,1.4984390219,-0.0008763025
2022-02-18,1.50168862,0.0021686555
2022-02-21,1.5016433849,-3.01228e-05
2022-02-22,1.4861041331,-0.0103481638
2022-02-23,1.4961298231,0.0067462904
2022-02-24,1.4740233234,-0.0147757898
2022-02-25,1.4811484257,0.0048337785
2022-02-28,1.4830944118,0.001313836
2022-03-01,1.4876459171,0.0030689249
2022-03-02,1.4843598581,-0.0022088986
2022-03-03,1.4811547093,-0.0021592802
2022-03-04,1.470791509,-0.0069967035
2022-03-07,1.4459992862,-0.0168563815
2022-03-08,1.4201862441,-0.0178513519
2022-03-09,1.4096943384,-0.007387697
2022-03-10,1.4219918967,0.0087235637
2022-03-11,1.4257030325,0.002609815
2022-03-14,1.3980575254,-0.0193907893
2022-03-15,1.3520424828,-0.0329135546
2022-03-16,1.3957957589,0.0323608737
2022-03-17,1.4194960023,0.0169797359
2022-03-18,1.428945725,0.0066570971
2022-03-21,1.4279631613,-0.0006876144
2022-03-22,1.4360253502,0.0056459362
2022-03-23,1.4424017349,0.0044403009
2022-03-24,1.4364402156,-0.0041330506
2022-03-25,1.4222288289,-0.0098934759
2022-03-28,1.4253004986,0.0021597577
2022-03-29,1.4261417105,0.0005901997
2022-03-30,1.4438130403,0.0123910055
2022-03-31,1.4380952867,-0.0039601759
2022-04-01,1.4466750532,0.0059660626
2022-04-06,1.4490951236,0.00167285
2022-04-07,1.4320247665,-0.0117800114
2022-04-08,1.4326529093,0.0004386396
2022-04-11,1.4061378444,-0.0185076684
2022-04-12,1.419561096,0.0095461847
2022-04-13,1.4109817941,-0.0060436299
2022-04-14,1.4223345526,0.0080459993
2022-04-15,1.419665866,-0.0018762721
2022-04-18,1.4141439457,-0.0038895915
2022-04-19,1.4080919209,-0.0042796384
2022-04-20,1.3947925326,-0.0094449717
2022-04-21,1.3739936612,-0.014911803
2022-04-22,1.3754879265,0.0010875344
2022-04-25,1.3295149558,-0.0334230275
2022-04-26,1.322040519,-0.0056219276
2022-04-27,1.3420297302,0.0151199687
2022-04-28,1.345034015,0.0022386127
2022-04-29,1.3810823159,0.0268010329
2022-05-05,1.3783139915,-0.0020044601
2022-05-06,1.3547223557,-0.0171163
2022-05-09,1.3561889077,0.0010825481
2022-05-10,1.3616713694,0.0040425501
2022-05-11,1.3711908106,0.0069909976
2022-05-12,1.3675682965,-0.0026418746
2022-05-13,1.3813839117,0.0101023219
2022-05-16,1.3789129971,-0.001788724
2022-05-17,1.3882925296,0.0068021206
2022-05-18,1.3834730299,-0.0034715304
2022-05-19,1.3813797301,-0.0015130759
2022-05-20,1.3993907827,0.0130384515
2022-05-23,1.3967208794,-0.001907904
2022-05-24,1.3690813996,-0.0197888356
2022-05-25,1.3788315023,0.0071216384
2022-05-26,1.3852782239,0.0046754963
2022-05-27,1.3923378171,0.0050961555
2022-05-30,1.3997762306,0.0053423913
2022-05-31,1.4119169216,0.0086733085
2022-06-01,1.4092498621,-0.0018889635
2022-06-02,1.4107371213,0.0010553553
2022-06-06,1.4301764221,0.0137795344
2022-06-07,1.4333244878,0.002201173
2022-06-08,1.4464738624,0.0091740389
2022-06-09,1.4360629939,-0.0071974122
2022-06-10,1.448026567,0.0083308136
2022-06-13,1.4324359829,-0.0107667804
2022-06-14,1.4403062764,0.0054943422
2022-06-15,1.4502212127,0.0068839083
2022-06-16,1.4414810337,-0.0060267902
2022-06-17,1.4511868753,0.0067332427
2022-06-20,1.4551962155,0.0027628008
2022-06-21,1.4566197247,0.0009782249
2022-06-22,1.438495609,-0.0124425857
2022-06-23,1.4546758151,0.0112480052
2022-06-24,1.4696364371,0.0102845059
2022-06-27,1.4833133242,0.0093063064
2022-06-28,1.4927756621,0.0063791902
2022-06-29,1.4781799185,-0.0097775868
2022-06-30,1.4883689496,0.0068929573
2022-07-01,1.4846920004,-0.0024704555
2022-07-04,1.4952132781,0.0070865053
2022-07-05,1.4928399674,-0.0015872724
2022-07-06,1.479039095,-0.0092447099
2022-07-07,1.4795316647,0.0003330336
2022-07-08,1.479739094,0.0001401993
2022-07-11,1.4610456471,-0.0126329344
2022-07-12,1.4491257539,-0.0081584673
2022-07-13,1.4494417389,0.0002180522
2022-07-14,1.4506719704,0.0008487623
2022-07-15,1.4333688017,-0.0119276922
2022-07-18,1.4490411177,0.0109339034
2022-07-19,1.4496190138,0.0003988128
2022-07-20,1.4582004521,0.0059197887
2022-07-21,1.4504888872,-0.0052884121
2022-07-22,1.4451013774,-0.0037142717
2022-07-25,1.4400732606,-0.0034794215
2022-07-26,1.4504142361,0.0071808676
2022-07-27,1.4479346891,-0.001709544
2022-07-28,1.4487880168,0.0005893413
2022-07-29,1.4325909102,-0.011179763
2022-08-01,1.4357302953,0.0021914038
2022-08-02,1.4108390636,-0.017336983
2022-08-03,1.4077846022,-0.0021649963
2022-08-04,1.4195983886,0.008391757
2022-08-05,1.4332216647,0.0095965706
2022-08-08,1.4344848476,0.0008813591
2022-08-09,1.4337398232,-0.0005193672
2022-08-10,1.424592065,-0.0063803474
2022-08-11,1.4464138301,0.0153179044
2022-08-12,1.4480573968,0.0011363046
2022-08-15,1.4458843096,-0.0015006914
2022-08-16,1.4441881376,-0.0011731035
2022-08-17,1.4502129761,0.0041717823
2022-08-18,1.441789571,-0.0058083918
2022-08-19,1.4373261185,-0.0030957725
2022-08-22,1.4430258285,0.0039654953
2022-08-23,1.4409356007,-0.0014485034
2022-08-24,1.4207324492,-0.0140208566
2022-08-25,1.4372843528,0.0116502608
2022-08-26,1.4362952465,-0.0006881771
2022-08-29,1.4346379641,-0.0011538592
2022-08-30,1.4318617373,-0.001935141
2022-08-31,1.4270083144,-0.0033895891
2022-09-01,1.419676301,-0.0051380313
2022-09-02,1.4180370577,-0.0011546599
2022-09-05,1.4157785915,-0.0015926708
2022-09-06,1.4250461054,0.006545878
2022-09-07,1.4230467243,-0.0014030291
2022-09-08,1.4178563539,-0.0036473647
2022-09-09,1.4313882243,0.0095438938
2022-09-13,1.427537305,-0.0026903388
2022-09-14,1.4164557502,-0.0077627077
2022-09-15,1.4077721719,-0.0061304974
2022-09-16,1.3846061818,-0.0164557807
2022-09-19,1.3785163409,-0.0043982477
2022-09-20,1.3834540249,0.0035818828
2022-09-21,1.3770436866,-0.0046335752
2022-09-22,1.3697952482,-0.005263768
2022-09-23,1.3593837315,-0.0076007832
2022-09-26,1.3527746448,-0.0048618257
2022-09-27,1.3709376395,0.0134264748
2022-09-28,1.3533549011,-0.0128253378
2022-09-29,1.351513258,-0.0013607983
2022-09-30,1.3471207108,-0.0032500956
2022-10-10,1.3324474426,-0.0108923187
2022-10-11,1.3290447317,-0.00255373
2022-10-12,1.3411858815,0.0091352454
2022-10-13,1.3394919582,-0.0012630041
2022-10-14,1.3628657713,0.01744976
2022-10-17,1.3669955748,0.0030302349
2022-10-18,1.3726570492,0.0041415455
2022-10-19,1.3572596697,-0.0112172079
2022-10-20,1.3519454008,-0.00391544
2022-10-21,1.3510091893,-0.0006924922
2022-10-24,1.3220202067,-0.02145728
2022-10-25,1.3193775987,-0.0019989165
2022-10-26,1.3358073569,0.0124526582
2022-10-27,1.3342175708,-0.0011901313
2022-10-28,1.3085456528,-0.0192411782
2022-10-31,1.304749766,-0.0029008439
2022-11-01,1.3345397759,0.0228319718
2022-11-02,1.3477314137,0.0098847843
2022-11-03,1.3409933001,-0.0049995968
2022-11-04,1.3697590969,0.0214511115
2022-11-07,1.376716411,0.0050792246
2022-11-08,1.3717023401,-0.0036420506
2022-11-09,1.3657774417,-0.0043193762
2022-11-10,1.3625648785,-0.0023521865
2022-11-11,1.3875797552,0.0183586683
2022-11-14,1.39182087,0.0030564837
2022-11-15,1.4129942962,0.0152127523
2022-11-16,1.4079984508,-0.0035356444
2022-11-17,1.4073150576,-0.000485365
2022-11-18,1.4054838091,-0.0013012357
2022-11-21,1.3973053297,-0.005818978
2022-11-22,1.3901605892,-0.0051132278
2022-11-23,1.387380833,-0.0019995936
2022-11-24,1.3889895067,0.0011595041
2022-11-25,1.3880509285,-0.0006757274
2022-11-28,1.3795755845,-0.0061059315
2022-11-29,1.4109906821,0.0227715668
2022-11-30,1.4144889086,0.0024792697
2022-12-01,1.4203176718,0.0041207557
2022-12-02,1.4168591796,-0.0024350131
2022-12-05,1.4358015817,0.0133692906
2022-12-06,1.4312802326,-0.0031490069
2022-12-07,1.4241365977,-0.0049910805
2022-12-08,1.4312987036,0.0050290863
2022-12-09,1.4380843148,0.0047408771
2022-12-12,1.4266733674,-0.007934825
2022-12-13,1.4272107492,0.0003766677
2022-12-14,1.4264283615,-0.0005481935
2022-12-15,1.4180079222,-0.0059031631
2022-12-16,1.4194575329,0.0010222867
2022-12-19,1.4003222007,-0.0134807359
2022-12-20,1.3878699576,-0.0088924129
2022-12-21,1.3879703427,7.23304e-05
2022-12-22,1.3910246503,0.0022005568
2022-12-23,1.389435317,-0.001142563
2022-12-26,1.3934895893,0.002917928
2022-12-27,1.4005149807,0.0050415816
2022-12-28,1.4019905635,0.0010536002
2022-12-29,1.4009430002,-0.0007469113
2022-12-30,1.4039961186,0.0021790449
2023-01-03,1.4151006346,0.0079092213
2023-01-04,1.4252681133,0.0071852552
2023-01-05,1.4376697698,0.0087012797
2023-01-06,1.4356196692,-0.0014259885
2023-01-09,1.4436979859,0.0056268149
2023-01-10,1.4424124584,-0.0008902083
2023-01-11,1.4412518343,-0.000804641
2023-01-12,1.4405656534,-0.0004763386
2023-01-13,1.4519378665,0.0078945188
2023-01-16,1.4615064563,0.0065902198
2023-01-17,1.4588808167,-0.00179675
2023-01-18,1.4599811016,0.0007544219
2023-01-19,1.4663376906,0.0043538844
2023-01-20,1.4757263664,0.0064025848
2023-01-30,1.4762613363,0.0003627311
2023-01-31,1.4688133435,-0.0050453963
2023-02-01,1.481372401,0.0085507158
2023-02-02,1.4816715357,0.0002019308
2023-02-03,1.4741141085,-0.0051008189
2023-02-06,1.4624479273,-0.0079138187
2023-02-07,1.4676763363,0.0035748855
2023-02-08,1.4604573,-0.0049184696
2023-02-09,1.4749228592,0.0099045834
2023-02-10,1.4670621967,-0.0053293296
2023-02-13,1.4747336736,0.0052289202
2023-02-14,1.4750964951,0.0002460251
2023-02-15,1.4702334448,-0.0032965535
2023-02-16,1.4643692864,-0.0039885899
2023-02-17,1.4542336344,-0.0069217272
2023-02-20,1.4716767673,0.0119947253
2023-02-21,1.4677339536,-0.0026791302
2023-02-22,1.4635975995,-0.0028179673
2023-02-23,1.4634077563,-0.0001299396
2023-02-24,1.4530530039,-0.0070755514
2023-02-27,1.4504712247,-0.0017767963
2023-02-28,1.4544388646,0.0027354144
2023-03-01,1.4706431537,0.0111410238
2023-03-02,1.4663475583,-0.0029206709
2023-03-03,1.4716599498,0.0036228733
2023-03-06,1.469324733,-0.001586791
2023-03-07,1.4563390787,-0.0088378382
2023-03-08,1.4526299913,-0.0025471062
2023-03-09,1.4485609623,-0.0028011463
2023-03-10,1.4330291299,-0.0107220006
2023-03-13,1.4422696529,0.0064479918
2023-03-14,1.4326314409,-0.0066826699
2023-03-15,1.4374222714,0.0033440775
2023-03-16,1.4302595752,-0.004982774
2023-03-17,1.4382545895,0.0055896618
2023-03-20,1.430626512,-0.0053037046
2023-03-21,1.4436743295,0.0091205698
2023-03-22,1.4493683983,0.0039441505
2023-03-23,1.4599252332,0.0072835427
2023-03-24,1.458527179,-0.0009574291
2023-03-27,1.4557851044,-0.001880207
2023-03-28,1.454396009,-0.000954014
2023-03-29,1.4576965733,0.0022693711
2023-03-30,1.4624627126,0.0032696375
2023-03-31,1.4693628651,0.0047179836
2023-04-03,1.477089154,0.0052582579
2023-04-04,1.4765542301,-0.0003621473
2023-04-06,1.4756385203,-0.0006201667
2023-04-07,1.4841151397,0.0057445459
2023-04-10,1.4781925796,-0.0039906339
2023-04-11,1.4825910423,0.0029755681
2023-04-12,1.4836194533,0.0006936579
2023-04-13,1.4831277898,-0.0003315621
2023-04-14,1.4837181405,0.0003982156
2023-04-17,1.4919953311,0.0055785036
2023-04-18,1.4909629977,-0.0006917324
2023-04-19,1.4836953819,-0.0048746266
2023-04-20,1.4847489105,0.0007102552
2023-04-21,1.4629670315,-0.0146704126
2023-04-24,1.4576271518,-0.0036500342
2023-04-25,1.4472927159,-0.0070901034
2023-04-26,1.4507407791,0.0023826279
2023-04-27,1.4556136755,0.0033586905
2023-04-28,1.4679102745,0.0084479291
2023-05-04,1.4729333032,0.0034218909
2023-05-05,1.4703435513,-0.0017584257
2023-05-08,1.4795880095,0.0062872777
2023-05-09,1.4669830182,-0.0085190492
2023-05-10,1.4610564527,-0.0040401841
2023-05-11,1.4617072105,0.0004454022
2023-05-12,1.452889946,-0.0060319568
2023-05-15,1.4640121359,0.007654997
2023-05-16,1.4590740115,-0.0033727893
2023-05-17,1.4543732994,-0.0032217091
2023-05-18,1.4590195641,0.0031946851
2023-05-19,1.4551599357,-0.0026453575
2023-05-22,1.4587765064,0.0024853424
2023-05-23,1.4486434749,-0.0069464821
2023-05-24,1.4376528549,-0.0075866016
2023-05-25,1.4312087928,-0.0044823492
2023-05-26,1.4382780749,0.0049393786
2023-05-29,1.4355456587,-0.0019000158
2023-05-30,1.4393791998,0.0026706702
2023-05-31,1.4315835584,-0.0054159748
2023-06-01,1.4345759125,0.0020902406
2023-06-02,1.4492014625,0.0101948227
2023-06-05,1.4494853406,0.0001960978
2023-06-06,1.4398310244,-0.0066607278
2023-06-07,1.4421779104,0.0016299732
2023-06-08,1.4439831082,0.001251938
2023-06-09,1.450135036,0.0042601599
2023-06-12,1.4513595345,0.000844403
2023-06-13,1.4576188624,0.0043127342
2023-06-14,1.4588880213,0.000870707
2023-06-15,1.4721837557,0.0091138162
2023-06-16,1.4775957638,0.003676177
2023-06-19,1.4705965847,-0.00473687
2023-06-20,1.4650985041,-0.0037386735
2023-06-21,1.4468299211,-0.0124691842
2023-06-26,1.431119529,-0.0108584926
2023-06-27,1.4439809817,0.008986987
2023-06-28,1.4437405089,-0.0001665346
2023-06-29,1.4410922757,-0.001834515
2023-06-30,1.4469191359,0.0040433637
2023-07-03,1.4576131426,0.0073911108
2023-07-04,1.4597339246,0.0014547418
2023-07-05,1.451915465,-0.0053558608
2023-07-06,1.4429999145,-0.0061405438
2023-07-07,1.4401106353,-0.0020022726
2023-07-10,1.4438079955,0.002567414
2023-07-11,1.4506850095,0.0047628933
2023-07-12,1.4472522556,-0.0023662986
2023-07-13,1.4652706383,0.0124500637
2023-07-14,1.4640484352,-0.0008339109
2023-07-17,1.4602215604,-0.0026138991
2023-07-18,1.4551726908,-0.003457817
2023-07-19,1.4551406194,-2.18232e-05
2023-07-20,1.4476881883,-0.0051214508
2023-07-21,1.4511228763,0.0023723104
2023-07-24,1.4477790647,-0.0023040707
2023-07-25,1.4709146248,0.0159798206
2023-07-26,1.4692689351,-0.0011186153
2023-07-27,1.4703501689,0.0007358992
2023-07-28,1.4901918661,0.0134943236
2023-07-31,1.4946487361,0.0029910002
2023-08-01,1.4918975213,-0.0018409034
2023-08-02,1.4796624314,-0.0082010257
2023-08-03,1.4870841478,0.0050158173
2023-08-04,1.4895678019,0.0016703342
2023-08-07,1.4807463468,-0.0059221575
2023-08-08,1.4760504038,-0.0031713352
2023-08-09,1.4745696683,-0.0010033577
2023-08-10,1.4765214873,0.0013236533
2023-08-11,1.4591444275,-0.0117689176
2023-08-14,1.4563840824,-0.001891558
2023-08-15,1.4527496104,-0.002495545
2023-08-16,1.4461592814,-0.0045364521
2023-08-17,1.449357736,0.002211689
2023-08-18,1.4325734428,-0.011580504
2023-08-21,1.4213280313,-0.0078499958
2023-08-22,1.4264026571,0.0035705431
2023-08-23,1.4162327761,-0.0071297407
2023-08-24,1.4268334827,0.0074849384
2023-08-25,1.4177800275,-0.0063451379
2023-08-28,1.4283106,0.0074277133
2023-08-29,1.4448022284,0.011546248
2023-08-30,1.4436763531,-0.0007792591
2023-08-31,1.4384396718,-0.0036273236
2023-09-01,1.4410070491,0.0017848349
2023-09-04,1.4548434486,0.0096018958
2023-09-05,1.4449441979,-0.0068043409
2023-09-06,1.4416857115,-0.002255095
2023-09-07,1.4284966511,-0.0091483603
2023-09-08,1.4278678138,-0.0004402092
2023-09-11,1.4380764609,0.0071493662
2023-09-12,1.4352212143,-0.0019852654
2023-09-13,1.4292694902,-0.0041469036
2023-09-14,1.4302567157,0.0006907203
2023-09-15,1.4332572331,0.0020976798
2023-09-18,1.4343956095,0.0007942583
2023-09-19,1.4327061984,-0.001177786
2023-09-20,1.4269100063,-0.0040456251
2023-09-21,1.4168108228,-0.0070776597
2023-09-22,1.433202869,0.0115696788
2023-09-25,1.4286571163,-0.0031717441
2023-09-26,1.4230046428,-0.0039562881
2023-09-27,1.4292819934,0.0044113352
2023-09-28,1.425905721,-0.0023622157
2023-10-09,1.4252526863,-0.0004579789
2023-10-10,1.4210130065,-0.002974885
2023-10-11,1.4295320099,0.0059952213
2023-10-12,1.4373619734,0.0054770923
2023-10-13,1.4288343757,-0.0059328115
2023-10-16,1.4203852354,-0.0059133098
2023-10-17,1.4225336882,0.0015127961
2023-10-18,1.4107977549,-0.0082500214
2023-10-19,1.3947839874,-0.011351081
2023-10-20,1.3864385689,-0.0059833054
2023-10-23,1.3755884144,-0.0078259179
2023-10-24,1.3817243552,0.0044605935
2023-10-25,1.383525785,0.0013039782
2023-10-26,1.3871554546,0.0026232706
2023-10-27,1.4064665094,0.0139215533
2023-10-30,1.4140927275,0.0054222536
2023-10-31,1.4084370165,-0.0039997405
2023-11-01,1.4065432038,-0.0013446201
2023-11-02,1.4054338931,-0.0007886787
2023-11-03,1.4148267689,0.0066834715
2023-11-06,1.4321305775,0.0122303373
2023-11-07,1.4276620512,-0.0031201948
2023-11-08,1.4285778411,0.0006414613
2023-11-09,1.4245519918,-0.0028180818
2023-11-10,1.418861223,-0.0039949705
2023-11-13,1.4211265698,0.0015967905
2023-11-14,1.4230496529,0.0013532103
2023-11-15,1.4349145332,0.0083374467
2023-11-16,1.4251543549,-0.0068017229
2023-11-17,1.4239341493,-0.0008563935
2023-11-20,1.4317888884,0.0055164205
2023-11-21,1.4303001205,-0.0010397957
2023-11-22,1.4222183447,-0.0056504056
2023-11-23,1.4293864077,0.0050398595
2023-11-24,1.4220149973,-0.0051570453
2023-11-27,1.4185213239,-0.0024568471
2023-11-28,1.4219946337,0.0024487372
2023-11-29,1.4123441595,-0.0067867591
2023-11-30,1.41406872,0.0012210625
2023-12-01,1.4132236182,-0.0005974582
2023-12-04,1.4038480802,-0.0066341504
2023-12-05,1.3887002016,-0.0107902548
2023-12-06,1.3917210471,0.0021753043
2023-12-07,1.3897007746,-0.0014518173
2023-12-08,1.3918972343,0.0015805271
2023-12-11,1.3977049196,0.0041726741
2023-12-12,1.4010321835,0.002380349
2023-12-13,1.3912234385,-0.0070010847
2023-12-14,1.3900346617,-0.000854483
2023-12-15,1.3882125536,-0.0013108364
2023-12-18,1.3824898793,-0.0041221443
2023-12-19,1.3806223707,-0.0013508298
2023-12-20,1.3736690289,-0.0050363821
2023-12-21,1.3777704828,0.0029855657
2023-12-22,1.3677651078,-0.0072620042
2023-12-25,1.3689571386,0.0008715172
2023-12-26,1.3624289172,-0.0047685419
2023-12-27,1.3702852227,0.0057661756
2023-12-28,1.3866333063,0.0119304239
2023-12-29,1.3918033659,0.0037284981
2024-01-02,1.3853420641,-0.0046423956
2024-01-03,1.3841064866,-0.0008916853
2024-01-04,1.3797740852,-0.003130107
2024-01-05,1.3700165748,-0.0070720273
2024-01-08,1.3551942495,-0.0108188691
2024-01-09,1.3570320132,0.0013560888
2024-01-10,1.3526333669,-0.0032415989
2024-01-11,1.3607730268,0.0060178716
2024-01-12,1.3563389034,-0.0032587576
2024-01-15,1.3554572424,-0.0006498008
2024-01-16,1.3530278239,-0.001792324
2024-01-17,1.3300644101,-0.0169720959
2024-01-18,1.3341540165,0.0030749752
2024-01-19,1.3302584161,-0.002920134
2024-01-22,1.3007800578,-0.0221598736
2024-01-23,1.3130098466,0.0094018883
2024-01-24,1.3295297147,0.0125819248
2024-01-25,1.3494655747,0.0149944268
2024-01-26,1.3408280546,-0.0064004593
2024-01-29,1.3316130707,-0.0068726067
2024-01-30,1.312522862,-0.014336153
2024-01-31,1.2959584391,-0.0126205525
2024-02-01,1.2968007872,0.0006499808
2024-02-02,1.2829814545,-0.0106564808
2024-02-05,1.2776532522,-0.0041529846
2024-02-06,1.3222642685,0.0349163721
2024-02-07,1.3443599184,0.0167107268
2024-02-08,1.347833389,0.0025834853
2024-02-19,1.355324194,0.0055579072
2024-02-20,1.3594833295,0.0030687385
2024-02-21,1.3667056479,0.0053125465
2024-02-22,1.3757666452,0.0066295721
2024-02-23,1.3774486332,0.0012225823
2024-02-26,1.3729561615,-0.0032612125
2024-02-27,1.3862003654,0.0096462524
2024-02-28,1.3688924598,-0.0124856411
2024-02-29,1.3855167479,0.0121443346
2024-03-01,1.3897447912,0.0030516003
2024-03-04,1.3930938758,0.0024098559
2024-03-05,1.3863873565,-0.0048141187
2024-03-06,1.387656866,0.0009156961
2024-03-07,1.3767451813,-0.0078633883
2024-03-08,1.3819995482,0.0038165137
2024-03-11,1.3956610988,0.0098851224
2024-03-12,1.4036988977,0.0057593538
2024-03-13,1.4003684787,-0.0023728182
2024-03-14,1.3970489252,-0.0023704857
2024-03-15,1.3971936551,0.0001035969
2024-03-18,1.4056984237,0.0060870364
2024-03-19,1.3966545797,-0.0064337015
2024-03-20,1.3996568418,0.0021496096
2024-03-21,1.4001712016,0.0003674899
2024-03-22,1.3874173403,-0.009108787
2024-03-25,1.3792677704,-0.0058737068
2024-03-26,1.3802852664,0.0007374912
2024-03-27,1.3676631674,-0.0091443404
2024-03-28,1.3738609699,0.0045316731
2024-03-29,1.3786569334,0.0034908653
2024-04-01,1.3909726222,0.008932884
2024-04-02,1.3904666073,-0.000363785
2024-04-03,1.3876229151,-0.0020451352
2024-04-08,1.3779825893,-0.0069473671
2024-04-09,1.3835561831,0.0040447491
2024-04-10,1.3790241458,-0.0032756438
2024-04-11,1.3804506779,0.0010344504
2024-04-12,1.3716203754,-0.0063964457
2024-04-15,1.379598841,0.0058168177
2024-04-16,1.3624679203,-0.0124173203
2024-04-17,1.3777555088,0.0112202762
2024-04-18,1.379723405,0.0014285588
2024-04-19,1.3728282114,-0.0049977444
2024-04-22,1.3740998862,0.0009265488
2024-04-23,1.3743215104,0.0001612868
2024-04-24,1.3827940151,0.0061646325
2024-04-25,1.3850075141,0.0016007438
2024-04-26,1.4020630704,0.0123146489
2024-04-29,1.4132939697,0.0080100444
2024-04-30,1.4103437466,-0.0020872611
2024-05-06,1.4357271165,0.0179977709
2024-05-07,1.4336620415,-0.0014383478
2024-05-08,1.4247375348,-0.0062249725
2024-05-09,1.4368794392,0.0085224341
2024-05-10,1.4391303577,0.0015665326
2024-05-13,1.440179026,0.0007284414
2024-05-14,1.4424674053,0.0015891916
2024-05-15,1.4349533238,-0.0052094164
2024-05-16,1.437013752,0.0014361198
2024-05-17,1.4449118996,0.0054959835
2024-05-20,1.4487286597,0.002641752
2024-05-21,1.4406883461,-0.0055501449
2024-05-22,1.4397393282,-0.0006587253
2024-05-23,1.4242945968,-0.0107272142
2024-05-24,1.414510477,-0.0068696931
2024-05-27,1.4236084562,0.0064318924
2024-05-28,1.4166131665,-0.0049137736
2024-05-29,1.4135370657,-0.0021714473
2024-05-30,1.4088395383,-0.0033229919
2024-05-31,1.4065134845,-0.0016510424
2024-06-03,1.4067069228,0.0001375303
2024-06-04,1.4146933295,0.0056771253
2024-06-05,1.4089686364,-0.0040465965
2024-06-06,1.4053671323,-0.0025561279
2024-06-07,1.4018413923,-0.002508768
2024-06-11,1.3985215671,-0.0023679311
2024-06-12,1.3992711925,0.0005360128
2024-06-13,1.395839929,-0.0024524267
2024-06-14,1.3949187511,-0.0006599453
2024-06-17,1.3925930792,-0.0016669994
2024-06-18,1.3926875222,6.7571e-05
2024-06-19,1.3922254415,-0.0003317906
2024-06-20,1.3826340408,-0.0068892583
2024-06-21,1.3798024094,-0.0020477317
2024-06-24,1.3693855107,-0.0075495583
2024-06-25,1.3658413111,-0.002588439
2024-06-26,1.3760098212,0.0074448694
2024-06-27,1.3632788384,-0.0092518338
2024-06-28,1.3626404109,-0.0004683029
2024-07-01,1.3691536517,0.0047798677
2024-07-02,1.36463362,-0.0033016067
2024-07-03,1.363062752,-0.0011508484
2024-07-04,1.3553091274,-0.0056886609
2024-07-05,1.3576494921,0.0017268125
2024-07-08,1.3445141772,-0.0096747619
2024-07-09,1.353881982,0.0069671412
2024-07-10,1.3501695728,-0.0027417771
2024-07-11,1.3657443421,0.0115351449
2024-07-12,1.3709071835,0.0037805097
2024-07-15,1.3643696893,-0.0047690077
2024-07-16,1.3632933943,-0.0007885805
2024-07-17,1.3643664373,0.0007868236
2024-07-18,1.3678150141,0.0025278763
2024-07-19,1.365244829,-0.0018790444
2024-07-22,1.366382027,0.0008326924
2024-07-23,1.3463674289,-0.0146476131
2024-07-24,1.33721338,-0.0067990719
2024-07-25,1.3328288459,-0.0032788589
2024-07-26,1.3375279563,0.0035253795
2024-07-29,1.3350736243,-0.0018346943
2024-07-30,1.3295574293,-0.0041317534
2024-07-31,1.3571020099,0.0207168107
2024-08-01,1.35088667,-0.0045795881
2024-08-02,1.3429251977,-0.0058937972
2024-08-05,1.3324113387,-0.0078290726
2024-08-06,1.3369220011,0.0033853377
2024-08-07,1.3379129258,0.0007411986
2024-08-08,1.3405976494,0.0020066505
2024-08-09,1.3369403422,-0.002728117
2024-08-12,1.3381835755,0.0009299093
2024-08-13,1.339983643,0.0013451574
2024-08-14,1.3317820556,-0.0061206623
2024-08-15,1.3370601879,0.0039632103
2024-08-16,1.3397379832,0.0020027485
2024-08-19,1.3428740358,0.0023410872
2024-08-20,1.3322270641,-0.0079284962
2024-08-21,1.3268945544,-0.0040027033
2024-08-22,1.3240689818,-0.0021294628
2024-08-23,1.3244563737,0.0002922727
2024-08-26,1.3236869249,-0.0005809545
2024-08-27,1.3206779871,-0.0022731492
2024-08-28,1.3164868924,-0.0031731159
2024-08-29,1.3203044426,0.0028994681
2024-08-30,1.3319378031,0.0088114519
2024-09-02,1.3172178676,-0.0110515187
2024-09-03,1.3200873797,0.0021781412
2024-09-04,1.3179225932,-0.0016398812
2024-09-05,1.3216157868,0.0028022841
2024-09-06,1.3130839151,-0.0064556369
2024-09-09,1.3052001776,-0.006003671
2024-09-10,1.30459888,-0.0004606938
2024-09-11,1.3025712594,-0.001554526
2024-09-12,1.3005670431,-0.0015386615
2024-09-13,1.2963070279,-0.0032755061
2024-09-18,1.3001688511,0.0029794238
2024-09-19,1.3115859995,0.0087812813
2024-09-20,1.3105309889,-0.0008043778
2024-09-23,1.3099184693,-0.0004673828
2024-09-24,1.3480363515,0.0290994311
2024-09-25,1.3565013818,0.0062795267
2024-09-26,1.3988650934,0.0312298124
2024-09-27,1.4439130302,0.0322032032
2024-09-30,1.5286347589,0.0586750912
2024-10-08,1.5820340198,0.0349328623
2024-10-09,1.508843657,-0.0462634569
2024-10-10,1.5179952583,0.0060651078
2024-10-11,1.4909416197,-0.0178217459
2024-10-14,1.5036710215,0.0085378272
2024-10-15,1.4745231543,-0.019384471
2024-10-16,1.4723033088,-0.0015056942
2024-10-17,1.4615848429,-0.0072800665
2024-10-18,1.4980640328,0.0249588932
2024-10-21,1.4961148989,-0.001301319
2024-10-22,1.5037668007,0.0051147304
2024-10-23,1.5079926892,0.0028099919
2024-10-24,1.4970008061,-0.0072890825
2024-10-25,1.5071992708,0.006812598
2024-10-28,1.5149943705,0.0051721281
2024-10-29,1.5041014533,-0.0071900711
2024-10-30,1.4940153258,-0.0067059581
2024-10-31,1.4921872656,-0.0012235886
2024-11-01,1.4894319042,-0.0018463133
2024-11-04,1.5025535643,0.0088096217
2024-11-05,1.5270337688,0.0162926143
2024-11-06,1.5198500112,-0.0047043868
2024-11-07,1.5504951945,0.0201630947
2024-11-08,1.5409233689,-0.0061732129
2024-11-11,1.5476889673,0.0043906132
2024-11-12,1.5367023289,-0.007098738
2024-11-13,1.5366206934,-5.31238e-05
2024-11-14,1.51413799,-0.0146314531
2024-11-15,1.5001856763,-0.0092144961
2024-11-18,1.4939177343,-0.0041783077
2024-11-19,1.5032535196,0.0062491964
2024-11-20,1.512589822,0.0062109307
2024-11-21,1.5091073683,-0.002302312
2024-11-22,1.4769582074,-0.0213036203
2024-11-25,1.4758355164,-0.0007601373
2024-11-26,1.4754223995,-0.0002799207
2024-11-27,1.49513717,0.0133621195
2024-11-28,1.4860860096,-0.0060537324
2024-11-29,1.4980731797,0.0080662694
2024-12-02,1.508641055,0.0070543118
2024-12-03,1.5116901436,0.0020210829
2024-12-04,1.5043835982,-0.0048333619
2024-12-05,1.5028501439,-0.0010191269
2024-12-06,1.5186856254,0.0105369664
2024-12-09,1.5244610969,0.0038029408
2024-12-10,1.5271670529,0.0017750246
2024-12-11,1.5295383874,0.0015527669
2024-12-12,1.5388737504,0.0061033859
2024-12-13,1.5194184225,-0.0126425757
2024-12-16,1.5111708338,-0.0054283082
2024-12-17,1.5053232881,-0.0038695464
2024-12-18,1.509316051,0.0026524289
2024-12-19,1.5063669812,-0.0019539114
2024-12-20,1.5062953292,-4.75661e-05
2024-12-23,1.5009954471,-0.003518488
2024-12-24,1.5126484672,0.0077637284
2024-12-25,1.5099180266,-0.0018050728
2024-12-26,1.5098393977,-5.22764e-05
2024-12-27,1.5107362138,0.0005939811
2024-12-30,1.5119889128,0.0008291977
2024-12-31,1.4982947539,-0.0090570498
2025-01-02,1.4743624586,-0.0159730222
2025-01-03,1.4651740604,-0.0062321162
2025-01-06,1.4646701832,-0.0003439026
2025-01-07,1.463074329,-0.001089347
2025-01-08,1.4599879923,-0.0021097055
2025-01-09,1.455528002,-0.003054813
2025-01-10,1.4427228609,-0.0087973776
2025-01-13,1.4406787337,-0.0014170749
2025-01-14,1.4653588873,0.0171311438
2025-01-15,1.4617032219,-0.002494934
2025-01-16,1.466135263,0.0030321074
2025-01-17,1.4701925935,0.0027673644
2025-01-20,1.4780567978,0.005349098
2025-01-21,1.4792702188,0.0008211639
2025-01-22,1.4696443312,-0.0065071868
2025-01-23,1.4698272506,0.0001244651
2025-01-24,1.4801337544,0.0070118426
2025-01-27,1.4806765861,0.000366947
2025-02-05,1.4827599495,0.0014068332
2025-02-06,1.4967363818,0.0094259575
2025-02-07,1.5092792145,0.0083801215
2025-02-10,1.5189364838,0.0063985969
2025-02-11,1.5123788614,-0.004317246
2025-02-12,1.5232820058,0.0072092679
2025-02-13,1.5211797458,-0.0013800859
2025-02-14,1.5401114816,0.0124454299
2025-02-17,1.5400876727,-1.54592e-05
2025-02-18,1.533836968,-0.0040586681
2025-02-19,1.540183554,0.0041377187
2025-02-20,1.5396577734,-0.0003413753
2025-02-21,1.5575860115,0.0116443007
2025-02-24,1.5507178011,-0.0044095224
2025-02-25,1.5388949776,-0.0076240973
2025-02-26,1.5544201703,0.010088533
2025-02-27,1.5544390476,1.21442e-05
2025-02-28,1.5303374261,-0.0155048257
2025-03-03,1.5329010828,0.0016750091
2025-03-04,1.5349173703,0.0013153409
2025-03-05,1.5430644453,0.0053078265
2025-03-06,1.5614734492,0.0119303633
2025-03-07,1.5565371371,-0.0031615095
2025-03-10,1.5514098149,-0.0032938638
2025-03-11,1.5553068119,0.0025117067
2025-03-12,1.5506479217,-0.0029954798
2025-03-13,1.5450216182,-0.0036283565
2025-03-14,1.5666469722,0.0139967971
2025-03-17,1.5676839497,0.0006619088
2025-03-18,1.5775366463,0.0062850691
2025-03-19,1.5768045589,-0.0004642629
2025-03-20,1.5657168408,-0.0070317644
2025-03-21,1.5495654872,-0.0103156287
2025-03-24,1.5525694618,0.0019387977
2025-03-25,1.5473864629,-0.003338541
2025-03-26,1.5467670688,-0.000400284
2025-03-27,1.5540846242,0.0047308709
2025-03-28,1.5482858571,-0.003731105
2025-03-31,1.5394255261,-0.0057228755
2025-04-01,1.5486829906,0.0060135839
2025-04-02,1.5487620312,5.12431e-05
2025-04-03,1.5398636491,-0.0057456833
2025-04-07,1.4466597509,-0.0605273709
2025-04-08,1.4600522096,0.0092575042
2025-04-09,1.4715856303,0.0078993207
2025-04-10,1.4859776554,0.0097799441
2025-04-11,1.4901686684,0.002820586
2025-04-14,1.5004031943,0.0068680319
2025-04-15,1.5006616627,0.0001720487
2025-04-16,1.4923327845,-0.0055499208
2025-04-17,1.4952199346,0.0019346556
2025-04-18,1.4946408927,-0.0003874853
2025-04-21,1.4997765532,0.0034360498
2025-04-22,1.5046932594,0.0032782925
2025-04-23,1.5102424982,0.0036879535
2025-04-24,1.5102480402,3.8929e-06
2025-04-25,1.5114217989,0.0007769723
2025-04-28,1.5084716437,-0.0019519073
2025-04-29,1.5108826138,0.0015985103
2025-04-30,1.5142017965,0.0021968502
2025-05-06,1.5271619362,0.0085588348
2025-05-07,1.5280401818,0.0005750835
2025-05-08,1.5323032894,0.0027899185
2025-05-09,1.5306691163,-0.0010662604
2025-05-12,1.543043562,0.0080843375
2025-05-13,1.5417912197,-0.0008118255
2025-05-14,1.5500740755,0.0053724471
2025-05-15,1.5432988998,-0.0043710888
2025-05-16,1.5408406464,-0.0015926354
2025-05-19,1.5408721663,2.04563e-05
2025-05-20,1.5493334217,0.005490988
2025-05-21,1.5527219933,0.0021873436
2025-05-22,1.5473734905,-0.0034448274
2025-05-23,1.5429616453,-0.0028511832
2025-05-26,1.5369749159,-0.0038800247
2025-05-27,1.5377184211,0.0004837458
2025-05-28,1.5374443351,-0.0001780107
2025-05-29,1.5481852758,0.0069859995
2025-05-30,1.5425820016,-0.003619253
2025-06-03,1.5501136527,0.0048827304
2025-06-04,1.5573910598,0.0046945237
2025-06-05,1.5575350233,9.24389e-05
2025-06-06,1.5553737086,-0.0013874198
2025-06-09,1.5647998593,0.0060601437
2025-06-10,1.5622714486,-0.0016158045
2025-06-11,1.567746974,0.0035048489
2025-06-12,1.5694290417,0.001073153
2025-06-13,1.5576808615,-0.0074858659
2025-06-16,1.560163392,0.001593735
2025-06-17,1.5547972029,-0.0034395046
2025-06-18,1.550939254,-0.0024810884
2025-06-19,1.5394013702,-0.007439288
2025-06-20,1.5408107676,0.000915549
2025-06-23,1.5449304321,0.0026734622
2025-06-24,1.5583922078,0.0087137551
2025-06-25,1.5705874886,0.007825553
2025-06-26,1.566857161,-0.0023753546
2025-06-27,1.5652060165,-0.0010535562
2025-06-30,1.5693898968,0.0026730541
2025-07-01,1.5741929308,0.0030602112
2025-07-02,1.571106815,-0.0019604432
2025-07-03,1.573766452,0.0016930845
2025-07-04,1.5743813415,0.0003904714
2025-07-07,1.5719048738,-0.0015729783
2025-07-08,1.5802062199,0.0052813087
2025-07-09,1.57871646,-0.0009429934
2025-07-10,1.582384477,0.0023236473
2025-07-11,1.5870391548,0.0029413265
2025-07-14,1.5893811845,0.0014757227
2025-07-15,1.5922523712,0.0018064809
2025-07-16,1.5919756759,-0.000173776
2025-07-17,1.59934513,0.0046293549
2025-07-18,1.6062033774,0.0042879334
2025-07-21,1.612280636,0.0037838442
2025-07-22,1.6191478372,0.00425908
2025-07-23,1.6232284326,0.0025202118
2025-07-24,1.6326370114,0.0057962136
2025-07-25,1.6298673422,-0.0016964391
2025-07-28,1.6334513773,0.0021989735
2025-07-29,1.6388573224,0.0033095231
2025-07-30,1.6346383161,-0.0025743585
2025-07-31,1.6189520411,-0.0095961748
2025-08-01,1.6144988957,-0.0027504094
2025-08-04,1.621523982,0.0043510211
2025-08-05,1.6284202564,0.0042529587
2025-08-06,1.6313032561,0.0017704273
2025-08-07,1.6305199483,-0.0004799528
2025-08-08,1.6278995848,-0.0016070723
2025-08-11,1.6333017042,0.0033182353
2025-08-12,1.6367747287,0.002126608
2025-08-13,1.6516832326,0.0091082371
2025-08-14,1.643839159,-0.0047491392
2025-08-15,1.6534067278,0.0058202585
2025-08-18,1.66162106,0.0049681255
2025-08-19,1.6575782303,-0.0024330636
2025-08-20,1.6655295953,0.0047969772
2025-08-21,1.6664129446,0.000530585
2025-08-22,1.6795452685,0.007880382
2025-08-25,1.6976056164,0.0107531177
2025-08-26,1.6928865164,-0.0027796535
2025-08-27,1.6749492257,-0.0105958835
2025-08-28,1.681492777,0.0039067162
2025-08-29,1.6907007159,0.0054760502
2025-09-01,1.7044245585,0.0081174584
2025-09-02,1.6945218701,-0.0058099893
2025-09-03,1.6882714661,-0.0036887985
2025-09-04,1.668797073,-0.0115349097
2025-09-05,1.6920945786,0.0139604533
2025-09-08,1.7025065705,0.0061533156
2025-09-09,1.6975221213,-0.0029277122
2025-09-10,1.6987605447,0.0007295477
2025-09-11,1.7112390511,0.0073456536
2025-09-12,1.7111014251,-8.04248e-05
2025-09-15,1.7123951242,0.0007560622
2025-09-16,1.7133180325,0.0005389575
2025-09-17,1.7235441286,0.0059687902
2025-09-18,1.710640851,-0.007486666
2025-09-19,1.7090160642,-0.0009496231
2025-09-22,1.7070565385,-0.0011467713
2025-09-23,1.6990622449,-0.0046828977
2025-09-24,1.7143530589,0.0089993643
2025-09-25,1.7186262099,0.0024925735
2025-09-26,1.7054616479,-0.0076599332
2025-09-29,1.7180577006,0.0073857145
2025-09-30,1.7277938705,0.0056669633
2025-10-09,1.7345787307,0.0039268921
2025-10-10,1.7162240206,-0.0105816529
2025-10-13,1.7047440684,-0.0066890756
2025-10-14,1.6893343636,-0.0090393069
2025-10-15,1.705565311,0.0096081039
2025-10-16,1.702959571,-0.0015279906
2025-10-17,1.6796999205,-0.0136583692
2025-10-20,1.6890650985,0.0055755066
2025-10-21,1.7009530373,0.007038386
2025-10-22,1.6947575614,-0.0036425603
2025-10-23,1.6978182662,0.0018059838
2025-10-24,1.7064501841,0.0050841236
2025-10-27,1.7168911733,0.0061185432
2025-10-28,1.7101974963,-0.0038985199
2025-10-29,1.7187047199,0.0049744101
2025-10-30,1.7072793465,-0.0066476651
2025-10-31,1.7035687595,-0.0021733918
2025-11-03,1.7054348358,0.0010953924
2025-11-04,1.6935698858,-0.0069571406
2025-11-05,1.6953656931,0.001060368
2025-11-06,1.7063673761,0.0064892683
2025-11-07,1.7012525828,-0.0029976942
2025-11-10,1.7112539892,0.0058790748
2025-11-11,1.7081291389,-0.0018260587
2025-11-12,1.7084523852,0.0001890131
2025-11-13,1.71873906,0.0060210486
2025-11-14,1.7050017247,-0.0079926823
2025-11-17,1.6967552494,-0.0048366375
2025-11-18,1.6867878706,-0.0058741416
2025-11-19,1.6845288016,-0.0013392727
2025-11-20,1.678785491,-0.00340968
2025-11-21,1.6554004462,-0.0139295028
2025-11-24,1.6623366875,0.0041898269
2025-11-25,1.6710083972,0.0052165784
2025-11-26,1.6720212736,0.0006063779
2025-11-27,1.6702636462,-0.0010514311
2025-11-28,1.6736673619,0.0020380682
2025-12-01,1.6797100478,0.0036102113
2025-12-02,1.6738744458,-0.0034741723
2025-12-03,1.66825035,-0.0033599269
2025-12-04,1.6696984703,0.0008680474
2025-12-05,1.6773330612,0.0045726765
2025-12-08,1.6793009778,0.0011730045
2025-12-09,1.6715243401,-0.0046308778
2025-12-10,1.6743475518,0.0016890042
2025-12-11,1.6670784936,-0.0043411968
2025-12-12,1.6750622172,0.0047888134
2025-12-15,1.6674290753,-0.0045569304
2025-12-16,1.6561390095,-0.0067709421
2025-12-17,1.6698455455,0.008276446
2025-12-18,1.6689045618,-0.0005637599
2025-12-19,1.6765576369,0.0045856877
2025-12-22,1.6797849224,0.0019249475
2025-12-23,1.6785055941,-0.0007616025
2025-12-24,1.6822542564,0.0022333333
2025-12-25,1.6862363469,0.0023671157
2025-12-26,1.6878030666,0.0009291222
2025-12-29,1.6815308217,-0.0037162185
2025-12-30,1.6828085715,0.0007601179
2025-12-31,1.6786313025,-0.0024825645
2026-01-05,1.7032999128,0.014695917
2026-01-06,1.7184890754,0.0089172574
2026-01-07,1.7181427055,-0.0002013232
2026-01-08,1.714860566,-0.0019105161
2026-01-09,1.7252112061,0.0060358494
2026-01-12,1.737699418,0.0072388864
2026-01-13,1.736053306,-0.0009475113
2026-01-14,1.7366169196,0.0003246523
2026-01-15,1.7328930068,-0.002144349
2026-01-16,1.7276672931,-0.0030153696
2026-01-19,1.7282426364,0.0003330174
2026-01-20,1.7248135762,-0.0019841312
2026-01-21,1.7280839371,0.0018960663
2026-01-22,1.7293681296,0.0007428963
2026-01-23,1.7363584767,0.0040423752
2026-01-26,1.7334023559,-0.0017027163
2026-01-27,1.7325692788,-0.0004803656
2026-01-28,1.7361446086,0.0020635999
2026-01-29,1.7405299309,0.0025256491
2026-01-30,1.7262482487,-0.0082053668
2026-02-02,1.7020621897,-0.0140105199
2026-02-03,1.7139683943,0.0069951643
2026-02-04,1.7208859404,0.0040357256
2026-02-05,1.7187335941,-0.0012504566
2026-02-06,1.7156074068,-0.0018191519
2026-02-09,1.7270415516,0.006665041
2026-02-10,1.7290073788,0.0011382628
2026-02-11,1.7300112308,0.0005805944
2026-02-12,1.7269184439,-0.0017879891
2026-02-13,1.714091532,-0.0074276304
2026-02-24,1.71801248,0.0022874788
2026-02-25,1.7241832037,0.0035920591
2026-02-26,1.7168340278,-0.0042626884
2026-02-27,1.721538474,0.0027404716
2026-03-02,1.713342113,-0.004761354
2026-03-03,1.6952413823,-0.0105645746
2026-03-04,1.6848016358,-0.0061582655
2026-03-05,1.6866042075,0.0010699015
2026-03-06,1.6973438053,0.0063678798
2026-03-09,1.6902094951,-0.0042035065
2026-03-10,1.702590771,0.0073255772
2026-03-11,1.7048217534,0.0013100646
2026-03-12,1.7011736647,-0.0021395829
2026-03-13,1.6959674274,-0.0030606638
2026-03-16,1.6981637035,0.001294999
2026-03-17,1.6913743189,-0.0039980743
2026-03-18,1.6921989596,0.0004875566
2026-03-19,1.6745249859,-0.0104443828
2026-03-20,1.6645745202,-0.0059422617
2026-03-23,1.6324989988,-0.0192695016
2026-03-24,1.6507372092,0.0111719581
2026-03-25,1.6637345554,0.0078739641
2026-03-26,1.651898181,-0.0071143407
2026-03-27,1.6620865463,0.0061676715
2026-03-30,1.6623710894,0.0001708974
2026-03-31,1.6568940485,-0.0032947161
2026-04-01,1.6751023896,0.010989442
2026-04-02,1.6671437116,-0.0047511591
2026-04-03,1.656610233,-0.0063182787
2026-04-07,1.657321196,0.0004291673
2026-04-08,1.6854702393,0.0169846638
2026-04-09,1.6763178592,-0.0054298697
2026-04-10,1.6824337258,0.0036483931
2026-04-13,1.6780759201,-0.002590481
2026-04-14,1.6866340864,0.0050999875
2026-04-15,1.6898260383,0.0018924982
2026-04-16,1.6989646659,0.0054083249
2026-04-17,1.6933246665,-0.0033196685
2026-04-20,1.6974695414,0.0024474826
2026-04-21,1.6973230523,-8.62985e-05
2026-04-22,1.6990008674,0.0009885067
2026-04-23,1.694287246,-0.002774349
2026-04-24,1.6922587507,-0.0011972559
2026-04-27,1.6902759496,-0.0011713868
2026-04-28,1.6900318551,-0.0001447147
2026-04-29,1.6982360998,0.004854797
2026-04-30,1.6949836367,-0.0019155061
2026-05-06,1.704100466,0.0053790174
2026-05-07,1.7084225454,0.0025359803
2026-05-08,1.7046499498,-0.0022079355
2026-05-11,1.7116084535,0.0040820719
2026-05-12,1.7070287606,-0.0026759636
2026-05-13,1.7102552973,0.0018904486
2026-05-14,1.6964866002,-0.0080506677
2026-05-15,1.6863391287,-0.0059814628
2026-05-18,1.6796617575,-0.0039596847
2026-05-19,1.6842670255,0.0027414738
2026-05-20,1.682166492,-0.00124715
2026-05-21,1.6719269616,-0.0060871088
2026-05-22,1.6748641029,0.0017570534
2026-05-25,1.6788147319,0.0023587758
2026-05-26,1.6785071866,-0.0001835088
2026-05-27,1.6715037637,-0.0041724117
2026-05-28,1.6663956139,-0.0030560205
2026-05-29,1.6680393947,0.0009864289
2026-06-01,1.6703824788,0.001405012
2026-06-02,1.675613968,0.0031315952
2026-06-03,1.6688552742,-0.0040335626
2026-06-04,1.6609436977,-0.0047407205
2026-06-05,1.6539207124,-0.0042279956
2026-06-08,1.6380651933,-0.0095866259
2026-06-09,1.6423691111,0.0026274399
2026-06-10,1.6395127982,-0.0017394619
2026-06-11,1.6358003736,-0.0022643462
2026-06-12,1.6488503524,0.0079780537
2026-06-15,1.6557294041,0.0041717092
2026-06-16,1.6470333488,-0.0052520993
2026-06-17,1.64525685,-0.0010782818
2026-06-18,1.6405527898,-0.0028594862
2026-06-22,1.6491501744,0.0052405413
2026-06-23,1.6384694299,-0.0064765142
2026-06-24,1.6407933971,0.0014183769
2026-06-25,1.6410020723,0.0001274993
2026-06-26,1.6221619026,-0.011481211
2026-06-29,1.6424756431,0.0125226344
2026-06-30,1.6391366463,-0.0020329049
2026-07-01,1.6506185492,0.0070048479
2026-07-02,1.6460780248,-0.0027508018
2026-07-03,1.6556170555,0.0057950052
2026-07-06,1.6620137628,0.003863945
2026-07-07,1.6460320485,-0.0096158736
2026-07-08,1.6466026942,0.0003463749
2026-07-09,1.651198638,0.0027914706
2026-07-10,1.6536977031,0.0015134854
2026-07-13,1.6457176811,-0.0048258612
2026-07-14,1.660455148,0.0089550395
2026-07-15,1.6746580151,0.0085539034
2026-07-16,1.6723471636,-0.0013798946
2026-07-17,1.6450327619,-0.0163332642
2026-07-20,1.6640120045,0.0115373037
2026-07-21,1.6697954671,0.0034756135
2026-07-22,1.6676611516,-0.0012778875
2026-07-23,1.6703854922,0.0016336296
2026-07-24,1.6527344755,-0.0105670318
2026-07-27,1.6659788329,0.0080132825
2026-07-28,1.6610201785,-0.002976421
2026-07-29,1.6738863302,0.0077459334
2026-07-30,1.6734567612,-0.000256319
2026-07-31,1.6788369373,0.0032146928
2026-08-03,1.6762866474,-0.0015190813
2026-08-04,1.679589924,0.0019705917
2026-08-05,1.6848109368,0.0031085045
2026-08-06,1.6803011816,-0.0026767129
2026-08-07,1.6924859638,0.0078293638
2026-08-10,1.7024424116,0.0058827359
2026-08-11,1.6974729102,-0.0029190423
2026-08-12,1.6971190985,-0.0002084344
2026-08-13,1.6943151389,-0.0010756137
2026-08-14,1.6923310853,-0.0011710062
2026-08-17,1.698589,0.5441
2026-08-18,1.699389,0.0471
2026-08-19,1.686567,-0.7545
2026-08-20,1.695749,0.5444
2026-08-21,1.689910,-0.3443
2026-08-24,1.677869,-0.7125
2026-08-25,1.683366,0.3276
2026-08-26,1.686023,0.1578
2026-08-27,1.688966,0.1745
2026-08-28,1.686192,-0.1642
